grace	그레이스
park	박
david	데이비드
linda	린다
james	제임스
michael	마이클
john	존
mary	메리
robert	로버트
patricia	패트리샤
jennifer	제니퍼
william	윌리엄
elizabeth	엘리자베스
david	데이빗
chris	크리스
steve	스티브
mike	마이크
tom	톰
sarah	사라
anna	안나
lisa	리사
brian	브라이언
kevin	케빈
michelle	미셸
amanda	아만다
ryan	라이언
jason	제이슨
daniel	다니엘
matthew	매튜
anthony	안토니
mark	마크
donald	도널드
steven	스티븐
paul	폴
andrew	앤드류
joshua	조슈아
kenneth	케네스
kevin	케빈
brian	브라이언
george	조지
ronald	로널드
timothy	티모시
edward	에드워드
jason	제이슨
jeffrey	제프리
ryan	라이언
jacob	제이콥
gary	게리
nicholas	니콜라스
eric	에릭
jonathan	조나단
stephen	스티븐
larry	래리
justin	저스틴
scott	스콧
brandon	브랜든
benjamin	벤자민
samuel	사무엘
gregory	그레고리
alexander	알렉산더
patrick	패트릭
frank	프랭크
raymond	레이먼드
jack	잭
dennis	데니스
jerry	제리
tyler	타일러
aaron	아론
jose	호세
henry	헨리
adam	아담
douglas	더글라스
nathan	네이선
peter	피터
zachary	재커리
kyle	카일
walter	월터
harold	해롤드
jeremy	제레미
ethan	이든
carl	칼
arthur	아서
roger	로저
jordan	조던
sean	숀
terry	테리
austin	오스틴
noah	노아
mason	메이슨
luke	루크
gabriel	가브리엘
dean	딘
wayne	웨인
ralph	랄프
roy	로이
eugene	유진
louis	루이스
philip	필립
bobby	바비
alice	앨리스
bob	밥
charlie	찰리
david	데이비드
eve	이브
frank	프랭크
grace	그레이스
helen	헬렌
ivan	이반
julia	줄리아
kate	케이트
leo	레오
maria	마리아
nancy	낸시
oscar	오스카
peter	피터
queen	퀸
rose	로즈
sam	샘
tina	티나
uma	우마
victor	빅터
wendy	웬디
xavier	자비에르
yolanda	욜란다
zoe	조이
alexander	알렉산더
benjamin	벤자민
catherine	캐서린
daniel	다니엘
elizabeth	엘리자베스
frederick	프레드릭
gabrielle	가브리엘
harrison	해리슨
isabella	이사벨라
jacob	제이콥
katherine	캐서린
leonardo	레오나르도
margaret	마가렛
nathaniel	나다니엘
olivia	올리비아
penelope	페넬로페
quentin	쿠엔틴
rebecca	레베카
sebastian	세바스찬
theodore	테오도르
ursula	우르술라
valentina	발렌티나
william	윌리엄
alexandra	알렉산드라
yasmine	야스민
zachary	재커리
adriana	아드리아나
barbara	바바라
caroline	캐롤라인
dorothy	도로시
emily	에밀리
frances	프란시스
georgia	조지아
hannah	한나
irene	아이린
jessica	제시카
karen	카렌
laura	로라
monica	모니카
natalie	나탈리
ophelia	오필리아
pamela	파멜라
rachel	레이첼
sophia	소피아
teresa	테레사
urania	우라니아
veronica	베로니카
whitney	휘트니
ximena	히메나
yvonne	이본
zelda	젤다
adrian	아드리안
bernard	버나드
christopher	크리스토퍼
dominic	도미닉
ernest	어니스트
francis	프란시스
gregory	그레고리
harold	해롤드
isaac	아이작
jerome	제롬
kevin	케빈
lawrence	로렌스
martin	마틴
norman	노만
oliver	올리버
patrick	패트릭
richard	리처드
simon	사이먼
thomas	토마스
vincent	빈센트
walter	월터
arnold	아놀드
bruce	브루스
craig	크레이그
derek	데릭
edwin	에드윈
felix	펠릭스
gordon	고든
howard	하워드
ian	이안
justin	저스틴
keith	키스
louis	루이스
marcus	마커스
neil	닐
owen	오웬
philip	필립
ralph	랄프
scott	스콧
trevor	트레버
victor	빅터
wayne	웨인
aaron	아론
brian	브라이언
carl	칼
david	데이비드
eric	에릭
fred	프레드
george	조지
henry	헨리
jack	잭
kyle	카일
luke	루크
mark	마크
nick	닉
paul	폴
ryan	라이언
steve	스티브
tony	토니
alan	앨런
bill	빌
chris	크리스
dave	데이브
edward	에드워드
gary	게리
harry	해리
jeff	제프
john	존
ken	켄
larry	래리
mike	마이크
nathan	네이선
oscar	오스카
pete	피트
roger	로저
sean	숀
tim	팀
vernon	버논
will	윌
adam	아담
brad	브래드
chad	채드
dean	딘
evan	에반
finn	핀
greg	그렉
hugh	휴
ivan	이반
jake	제이크
kent	켄트
leon	레온
matt	맷
noah	노아
omar	오마르
paul	폴
quinn	퀸
ross	로스
stan	스탠
todd	토드
vince	빈스
wade	웨이드
alex	알렉스
blake	블레이크
colin	콜린
drew	드류
erik	에릭
floyd	플로이드
glenn	글렌
hank	행크
joel	조엘
kurt	커트
lance	랜스
neil	닐
perry	페리
reid	리드
seth	세스
troy	트로이
ward	워드
brett	브렛
clark	클라크
drake	드레이크
grant	그랜트
heath	히스
jared	자레드
lloyd	로이드
mason	메이슨
pierce	피어스
ralph	랄프
shane	셰인
tyler	타일러
wyatt	와이엇