가,ka
각,kak
갂,kak
갃,kaks
간,kan
갅,kanj
갆,kanh
갇,kat
갈,kal
갉,kalk
갊,kalm
갋,kalp
갌,kals
갍,kalt
갎,kalp
갏,kalh
감,kam
갑,kap
값,kaps
갓,kat
갔,kat
강,kang
갖,kat
갗,kat
갘,kak
같,kat
갚,kap
갛,kat
개,kae
객,kaek
갞,kaek
갟,kaeks
갠,kaen
갡,kaenj
갢,kaenh
갣,kaet
갤,kael
갥,kaelk
갦,kaelm
갧,kaelp
갨,kaels
갩,kaelt
갪,kaelp
갫,kaelh
갬,kaem
갭,kaep
갮,kaeps
갯,kaet
갰,kaet
갱,kaeng
갲,kaet
갳,kaet
갴,kaek
갵,kaet
갶,kaep
갷,kaet
갸,kya
갹,kyak
갺,kyak
갻,kyaks
갼,kyan
갽,kyanj
갾,kyanh
갿,kyat
걀,kyal
걁,kyalk
걂,kyalm
걃,kyalp
걄,kyals
걅,kyalt
걆,kyalp
걇,kyalh
걈,kyam
걉,kyap
걊,kyaps
걋,kyat
걌,kyat
걍,kyang
걎,kyat
걏,kyat
걐,kyak
걑,kyat
걒,kyap
걓,kyat
걔,kyae
걕,kyaek
걖,kyaek
걗,kyaeks
걘,kyaen
걙,kyaenj
걚,kyaenh
걛,kyaet
걜,kyael
걝,kyaelk
걞,kyaelm
걟,kyaelp
걠,kyaels
걡,kyaelt
걢,kyaelp
걣,kyaelh
걤,kyaem
걥,kyaep
걦,kyaeps
걧,kyaet
걨,kyaet
걩,kyaeng
걪,kyaet
걫,kyaet
걬,kyaek
걭,kyaet
걮,kyaep
걯,kyaet
거,kŏ
걱,kŏk
걲,kŏk
걳,kŏks
건,kŏn
걵,kŏnj
걶,kŏnh
걷,kŏt
걸,kŏl
걹,kŏlk
걺,kŏlm
걻,kŏlp
걼,kŏls
걽,kŏlt
걾,kŏlp
걿,kŏlh
검,kŏm
겁,kŏp
겂,kŏps
것,kŏt
겄,kŏt
겅,kŏng
겆,kŏt
겇,kŏt
겈,kŏk
겉,kŏt
겊,kŏp
겋,kŏt
게,ke
겍,kek
겎,kek
겏,keks
겐,ken
겑,kenj
겒,kenh
겓,ket
겔,kel
겕,kelk
겖,kelm
겗,kelp
겘,kels
겙,kelt
겚,kelp
겛,kelh
겜,kem
겝,kep
겞,keps
겟,ket
겠,ket
겡,keng
겢,ket
겣,ket
겤,kek
겥,ket
겦,kep
겧,ket
겨,kyŏ
격,kyŏk
겪,kyŏk
겫,kyŏks
견,kyŏn
겭,kyŏnj
겮,kyŏnh
겯,kyŏt
결,kyŏl
겱,kyŏlk
겲,kyŏlm
겳,kyŏlp
겴,kyŏls
겵,kyŏlt
겶,kyŏlp
겷,kyŏlh
겸,kyŏm
겹,kyŏp
겺,kyŏps
겻,kyŏt
겼,kyŏt
경,kyŏng
겾,kyŏt
겿,kyŏt
곀,kyŏk
곁,kyŏt
곂,kyŏp
곃,kyŏt
계,kye
곅,kyek
곆,kyek
곇,kyeks
곈,kyen
곉,kyenj
곊,kyenh
곋,kyet
곌,kyel
곍,kyelk
곎,kyelm
곏,kyelp
곐,kyels
곑,kyelt
곒,kyelp
곓,kyelh
곔,kyem
곕,kyep
곖,kyeps
곗,kyet
곘,kyet
곙,kyeng
곚,kyet
곛,kyet
곜,kyek
곝,kyet
곞,kyep
곟,kyet
고,ko
곡,kok
곢,kok
곣,koks
곤,kon
곥,konj
곦,konh
곧,kot
골,kol
곩,kolk
곪,kolm
곫,kolp
곬,kols
곭,kolt
곮,kolp
곯,kolh
곰,kom
곱,kop
곲,kops
곳,kot
곴,kot
공,kong
곶,kot
곷,kot
곸,kok
곹,kot
곺,kop
곻,kot
과,kwa
곽,kwak
곾,kwak
곿,kwaks
관,kwan
괁,kwanj
괂,kwanh
괃,kwat
괄,kwal
괅,kwalk
괆,kwalm
괇,kwalp
괈,kwals
괉,kwalt
괊,kwalp
괋,kwalh
괌,kwam
괍,kwap
괎,kwaps
괏,kwat
괐,kwat
광,kwang
괒,kwat
괓,kwat
괔,kwak
괕,kwat
괖,kwap
괗,kwat
괘,kwae
괙,kwaek
괚,kwaek
괛,kwaeks
괜,kwaen
괝,kwaenj
괞,kwaenh
괟,kwaet
괠,kwael
괡,kwaelk
괢,kwaelm
괣,kwaelp
괤,kwaels
괥,kwaelt
괦,kwaelp
괧,kwaelh
괨,kwaem
괩,kwaep
괪,kwaeps
괫,kwaet
괬,kwaet
괭,kwaeng
괮,kwaet
괯,kwaet
괰,kwaek
괱,kwaet
괲,kwaep
괳,kwaet
괴,koe
괵,koek
괶,koek
괷,koeks
괸,koen
괹,koenj
괺,koenh
괻,koet
괼,koel
괽,koelk
괾,koelm
괿,koelp
굀,koels
굁,koelt
굂,koelp
굃,koelh
굄,koem
굅,koep
굆,koeps
굇,koet
굈,koet
굉,koeng
굊,koet
굋,koet
굌,koek
굍,koet
굎,koep
굏,koet
교,kyo
굑,kyok
굒,kyok
굓,kyoks
굔,kyon
굕,kyonj
굖,kyonh
굗,kyot
굘,kyol
굙,kyolk
굚,kyolm
굛,kyolp
굜,kyols
굝,kyolt
굞,kyolp
굟,kyolh
굠,kyom
굡,kyop
굢,kyops
굣,kyot
굤,kyot
굥,kyong
굦,kyot
굧,kyot
굨,kyok
굩,kyot
굪,kyop
굫,kyot
구,ku
국,kuk
굮,kuk
굯,kuks
군,kun
굱,kunj
굲,kunh
굳,kut
굴,kul
굵,kulk
굶,kulm
굷,kulp
굸,kuls
굹,kult
굺,kulp
굻,kulh
굼,kum
굽,kup
굾,kups
굿,kut
궀,kut
궁,kung
궂,kut
궃,kut
궄,kuk
궅,kut
궆,kup
궇,kut
궈,kwŏ
궉,kwŏk
궊,kwŏk
궋,kwŏks
권,kwŏn
궍,kwŏnj
궎,kwŏnh
궏,kwŏt
궐,kwŏl
궑,kwŏlk
궒,kwŏlm
궓,kwŏlp
궔,kwŏls
궕,kwŏlt
궖,kwŏlp
궗,kwŏlh
궘,kwŏm
궙,kwŏp
궚,kwŏps
궛,kwŏt
궜,kwŏt
궝,kwŏng
궞,kwŏt
궟,kwŏt
궠,kwŏk
궡,kwŏt
궢,kwŏp
궣,kwŏt
궤,kwe
궥,kwek
궦,kwek
궧,kweks
궨,kwen
궩,kwenj
궪,kwenh
궫,kwet
궬,kwel
궭,kwelk
궮,kwelm
궯,kwelp
궰,kwels
궱,kwelt
궲,kwelp
궳,kwelh
궴,kwem
궵,kwep
궶,kweps
궷,kwet
궸,kwet
궹,kweng
궺,kwet
궻,kwet
궼,kwek
궽,kwet
궾,kwep
궿,kwet
귀,kwi
귁,kwik
귂,kwik
귃,kwiks
귄,kwin
귅,kwinj
귆,kwinh
귇,kwit
귈,kwil
귉,kwilk
귊,kwilm
귋,kwilp
귌,kwils
귍,kwilt
귎,kwilp
귏,kwilh
귐,kwim
귑,kwip
귒,kwips
귓,kwit
귔,kwit
귕,kwing
귖,kwit
귗,kwit
귘,kwik
귙,kwit
귚,kwip
귛,kwit
규,kyu
귝,kyuk
귞,kyuk
귟,kyuks
균,kyun
귡,kyunj
귢,kyunh
귣,kyut
귤,kyul
귥,kyulk
귦,kyulm
귧,kyulp
귨,kyuls
귩,kyult
귪,kyulp
귫,kyulh
귬,kyum
귭,kyup
귮,kyups
귯,kyut
귰,kyut
귱,kyung
귲,kyut
귳,kyut
귴,kyuk
귵,kyut
귶,kyup
귷,kyut
그,kŭ
극,kŭk
귺,kŭk
귻,kŭks
근,kŭn
귽,kŭnj
귾,kŭnh
귿,kŭt
글,kŭl
긁,kŭlk
긂,kŭlm
긃,kŭlp
긄,kŭls
긅,kŭlt
긆,kŭlp
긇,kŭlh
금,kŭm
급,kŭp
긊,kŭps
긋,kŭt
긌,kŭt
긍,kŭng
긎,kŭt
긏,kŭt
긐,kŭk
긑,kŭt
긒,kŭp
긓,kŭt
긔,kŭi
긕,kŭik
긖,kŭik
긗,kŭiks
긘,kŭin
긙,kŭinj
긚,kŭinh
긛,kŭit
긜,kŭil
긝,kŭilk
긞,kŭilm
긟,kŭilp
긠,kŭils
긡,kŭilt
긢,kŭilp
긣,kŭilh
긤,kŭim
긥,kŭip
긦,kŭips
긧,kŭit
긨,kŭit
긩,kŭing
긪,kŭit
긫,kŭit
긬,kŭik
긭,kŭit
긮,kŭip
긯,kŭit
기,ki
긱,kik
긲,kik
긳,kiks
긴,kin
긵,kinj
긶,kinh
긷,kit
길,kil
긹,kilk
긺,kilm
긻,kilp
긼,kils
긽,kilt
긾,kilp
긿,kilh
김,kim
깁,kip
깂,kips
깃,kit
깄,kit
깅,king
깆,kit
깇,kit
깈,kik
깉,kit
깊,kip
깋,kit
까,kka
깍,kkak
깎,kkak
깏,kkaks
깐,kkan
깑,kkanj
깒,kkanh
깓,kkat
깔,kkal
깕,kkalk
깖,kkalm
깗,kkalp
깘,kkals
깙,kkalt
깚,kkalp
깛,kkalh
깜,kkam
깝,kkap
깞,kkaps
깟,kkat
깠,kkat
깡,kkang
깢,kkat
깣,kkat
깤,kkak
깥,kkat
깦,kkap
깧,kkat
깨,kkae
깩,kkaek
깪,kkaek
깫,kkaeks
깬,kkaen
깭,kkaenj
깮,kkaenh
깯,kkaet
깰,kkael
깱,kkaelk
깲,kkaelm
깳,kkaelp
깴,kkaels
깵,kkaelt
깶,kkaelp
깷,kkaelh
깸,kkaem
깹,kkaep
깺,kkaeps
깻,kkaet
깼,kkaet
깽,kkaeng
깾,kkaet
깿,kkaet
꺀,kkaek
꺁,kkaet
꺂,kkaep
꺃,kkaet
꺄,kkya
꺅,kkyak
꺆,kkyak
꺇,kkyaks
꺈,kkyan
꺉,kkyanj
꺊,kkyanh
꺋,kkyat
꺌,kkyal
꺍,kkyalk
꺎,kkyalm
꺏,kkyalp
꺐,kkyals
꺑,kkyalt
꺒,kkyalp
꺓,kkyalh
꺔,kkyam
꺕,kkyap
꺖,kkyaps
꺗,kkyat
꺘,kkyat
꺙,kkyang
꺚,kkyat
꺛,kkyat
꺜,kkyak
꺝,kkyat
꺞,kkyap
꺟,kkyat
꺠,kkyae
꺡,kkyaek
꺢,kkyaek
꺣,kkyaeks
꺤,kkyaen
꺥,kkyaenj
꺦,kkyaenh
꺧,kkyaet
꺨,kkyael
꺩,kkyaelk
꺪,kkyaelm
꺫,kkyaelp
꺬,kkyaels
꺭,kkyaelt
꺮,kkyaelp
꺯,kkyaelh
꺰,kkyaem
꺱,kkyaep
꺲,kkyaeps
꺳,kkyaet
꺴,kkyaet
꺵,kkyaeng
꺶,kkyaet
꺷,kkyaet
꺸,kkyaek
꺹,kkyaet
꺺,kkyaep
꺻,kkyaet
꺼,kkŏ
꺽,kkŏk
꺾,kkŏk
꺿,kkŏks
껀,kkŏn
껁,kkŏnj
껂,kkŏnh
껃,kkŏt
껄,kkŏl
껅,kkŏlk
껆,kkŏlm
껇,kkŏlp
껈,kkŏls
껉,kkŏlt
껊,kkŏlp
껋,kkŏlh
껌,kkŏm
껍,kkŏp
껎,kkŏps
껏,kkŏt
껐,kkŏt
껑,kkŏng
껒,kkŏt
껓,kkŏt
껔,kkŏk
껕,kkŏt
껖,kkŏp
껗,kkŏt
께,kke
껙,kkek
껚,kkek
껛,kkeks
껜,kken
껝,kkenj
껞,kkenh
껟,kket
껠,kkel
껡,kkelk
껢,kkelm
껣,kkelp
껤,kkels
껥,kkelt
껦,kkelp
껧,kkelh
껨,kkem
껩,kkep
껪,kkeps
껫,kket
껬,kket
껭,kkeng
껮,kket
껯,kket
껰,kkek
껱,kket
껲,kkep
껳,kket
껴,kkyŏ
껵,kkyŏk
껶,kkyŏk
껷,kkyŏks
껸,kkyŏn
껹,kkyŏnj
껺,kkyŏnh
껻,kkyŏt
껼,kkyŏl
껽,kkyŏlk
껾,kkyŏlm
껿,kkyŏlp
꼀,kkyŏls
꼁,kkyŏlt
꼂,kkyŏlp
꼃,kkyŏlh
꼄,kkyŏm
꼅,kkyŏp
꼆,kkyŏps
꼇,kkyŏt
꼈,kkyŏt
꼉,kkyŏng
꼊,kkyŏt
꼋,kkyŏt
꼌,kkyŏk
꼍,kkyŏt
꼎,kkyŏp
꼏,kkyŏt
꼐,kkye
꼑,kkyek
꼒,kkyek
꼓,kkyeks
꼔,kkyen
꼕,kkyenj
꼖,kkyenh
꼗,kkyet
꼘,kkyel
꼙,kkyelk
꼚,kkyelm
꼛,kkyelp
꼜,kkyels
꼝,kkyelt
꼞,kkyelp
꼟,kkyelh
꼠,kkyem
꼡,kkyep
꼢,kkyeps
꼣,kkyet
꼤,kkyet
꼥,kkyeng
꼦,kkyet
꼧,kkyet
꼨,kkyek
꼩,kkyet
꼪,kkyep
꼫,kkyet
꼬,kko
꼭,kkok
꼮,kkok
꼯,kkoks
꼰,kkon
꼱,kkonj
꼲,kkonh
꼳,kkot
꼴,kkol
꼵,kkolk
꼶,kkolm
꼷,kkolp
꼸,kkols
꼹,kkolt
꼺,kkolp
꼻,kkolh
꼼,kkom
꼽,kkop
꼾,kkops
꼿,kkot
꽀,kkot
꽁,kkong
꽂,kkot
꽃,kkot
꽄,kkok
꽅,kkot
꽆,kkop
꽇,kkot
꽈,kkwa
꽉,kkwak
꽊,kkwak
꽋,kkwaks
꽌,kkwan
꽍,kkwanj
꽎,kkwanh
꽏,kkwat
꽐,kkwal
꽑,kkwalk
꽒,kkwalm
꽓,kkwalp
꽔,kkwals
꽕,kkwalt
꽖,kkwalp
꽗,kkwalh
꽘,kkwam
꽙,kkwap
꽚,kkwaps
꽛,kkwat
꽜,kkwat
꽝,kkwang
꽞,kkwat
꽟,kkwat
꽠,kkwak
꽡,kkwat
꽢,kkwap
꽣,kkwat
꽤,kkwae
꽥,kkwaek
꽦,kkwaek
꽧,kkwaeks
꽨,kkwaen
꽩,kkwaenj
꽪,kkwaenh
꽫,kkwaet
꽬,kkwael
꽭,kkwaelk
꽮,kkwaelm
꽯,kkwaelp
꽰,kkwaels
꽱,kkwaelt
꽲,kkwaelp
꽳,kkwaelh
꽴,kkwaem
꽵,kkwaep
꽶,kkwaeps
꽷,kkwaet
꽸,kkwaet
꽹,kkwaeng
꽺,kkwaet
꽻,kkwaet
꽼,kkwaek
꽽,kkwaet
꽾,kkwaep
꽿,kkwaet
꾀,kkoe
꾁,kkoek
꾂,kkoek
꾃,kkoeks
꾄,kkoen
꾅,kkoenj
꾆,kkoenh
꾇,kkoet
꾈,kkoel
꾉,kkoelk
꾊,kkoelm
꾋,kkoelp
꾌,kkoels
꾍,kkoelt
꾎,kkoelp
꾏,kkoelh
꾐,kkoem
꾑,kkoep
꾒,kkoeps
꾓,kkoet
꾔,kkoet
꾕,kkoeng
꾖,kkoet
꾗,kkoet
꾘,kkoek
꾙,kkoet
꾚,kkoep
꾛,kkoet
꾜,kkyo
꾝,kkyok
꾞,kkyok
꾟,kkyoks
꾠,kkyon
꾡,kkyonj
꾢,kkyonh
꾣,kkyot
꾤,kkyol
꾥,kkyolk
꾦,kkyolm
꾧,kkyolp
꾨,kkyols
꾩,kkyolt
꾪,kkyolp
꾫,kkyolh
꾬,kkyom
꾭,kkyop
꾮,kkyops
꾯,kkyot
꾰,kkyot
꾱,kkyong
꾲,kkyot
꾳,kkyot
꾴,kkyok
꾵,kkyot
꾶,kkyop
꾷,kkyot
꾸,kku
꾹,kkuk
꾺,kkuk
꾻,kkuks
꾼,kkun
꾽,kkunj
꾾,kkunh
꾿,kkut
꿀,kkul
꿁,kkulk
꿂,kkulm
꿃,kkulp
꿄,kkuls
꿅,kkult
꿆,kkulp
꿇,kkulh
꿈,kkum
꿉,kkup
꿊,kkups
꿋,kkut
꿌,kkut
꿍,kkung
꿎,kkut
꿏,kkut
꿐,kkuk
꿑,kkut
꿒,kkup
꿓,kkut
꿔,kkwŏ
꿕,kkwŏk
꿖,kkwŏk
꿗,kkwŏks
꿘,kkwŏn
꿙,kkwŏnj
꿚,kkwŏnh
꿛,kkwŏt
꿜,kkwŏl
꿝,kkwŏlk
꿞,kkwŏlm
꿟,kkwŏlp
꿠,kkwŏls
꿡,kkwŏlt
꿢,kkwŏlp
꿣,kkwŏlh
꿤,kkwŏm
꿥,kkwŏp
꿦,kkwŏps
꿧,kkwŏt
꿨,kkwŏt
꿩,kkwŏng
꿪,kkwŏt
꿫,kkwŏt
꿬,kkwŏk
꿭,kkwŏt
꿮,kkwŏp
꿯,kkwŏt
꿰,kkwe
꿱,kkwek
꿲,kkwek
꿳,kkweks
꿴,kkwen
꿵,kkwenj
꿶,kkwenh
꿷,kkwet
꿸,kkwel
꿹,kkwelk
꿺,kkwelm
꿻,kkwelp
꿼,kkwels
꿽,kkwelt
꿾,kkwelp
꿿,kkwelh
뀀,kkwem
뀁,kkwep
뀂,kkweps
뀃,kkwet
뀄,kkwet
뀅,kkweng
뀆,kkwet
뀇,kkwet
뀈,kkwek
뀉,kkwet
뀊,kkwep
뀋,kkwet
뀌,kkwi
뀍,kkwik
뀎,kkwik
뀏,kkwiks
뀐,kkwin
뀑,kkwinj
뀒,kkwinh
뀓,kkwit
뀔,kkwil
뀕,kkwilk
뀖,kkwilm
뀗,kkwilp
뀘,kkwils
뀙,kkwilt
뀚,kkwilp
뀛,kkwilh
뀜,kkwim
뀝,kkwip
뀞,kkwips
뀟,kkwit
뀠,kkwit
뀡,kkwing
뀢,kkwit
뀣,kkwit
뀤,kkwik
뀥,kkwit
뀦,kkwip
뀧,kkwit
뀨,kkyu
뀩,kkyuk
뀪,kkyuk
뀫,kkyuks
뀬,kkyun
뀭,kkyunj
뀮,kkyunh
뀯,kkyut
뀰,kkyul
뀱,kkyulk
뀲,kkyulm
뀳,kkyulp
뀴,kkyuls
뀵,kkyult
뀶,kkyulp
뀷,kkyulh
뀸,kkyum
뀹,kkyup
뀺,kkyups
뀻,kkyut
뀼,kkyut
뀽,kkyung
뀾,kkyut
뀿,kkyut
끀,kkyuk
끁,kkyut
끂,kkyup
끃,kkyut
끄,kkŭ
끅,kkŭk
끆,kkŭk
끇,kkŭks
끈,kkŭn
끉,kkŭnj
끊,kkŭnh
끋,kkŭt
끌,kkŭl
끍,kkŭlk
끎,kkŭlm
끏,kkŭlp
끐,kkŭls
끑,kkŭlt
끒,kkŭlp
끓,kkŭlh
끔,kkŭm
끕,kkŭp
끖,kkŭps
끗,kkŭt
끘,kkŭt
끙,kkŭng
끚,kkŭt
끛,kkŭt
끜,kkŭk
끝,kkŭt
끞,kkŭp
끟,kkŭt
끠,kkŭi
끡,kkŭik
끢,kkŭik
끣,kkŭiks
끤,kkŭin
끥,kkŭinj
끦,kkŭinh
끧,kkŭit
끨,kkŭil
끩,kkŭilk
끪,kkŭilm
끫,kkŭilp
끬,kkŭils
끭,kkŭilt
끮,kkŭilp
끯,kkŭilh
끰,kkŭim
끱,kkŭip
끲,kkŭips
끳,kkŭit
끴,kkŭit
끵,kkŭing
끶,kkŭit
끷,kkŭit
끸,kkŭik
끹,kkŭit
끺,kkŭip
끻,kkŭit
끼,kki
끽,kkik
끾,kkik
끿,kkiks
낀,kkin
낁,kkinj
낂,kkinh
낃,kkit
낄,kkil
낅,kkilk
낆,kkilm
낇,kkilp
낈,kkils
낉,kkilt
낊,kkilp
낋,kkilh
낌,kkim
낍,kkip
낎,kkips
낏,kkit
낐,kkit
낑,kking
낒,kkit
낓,kkit
낔,kkik
낕,kkit
낖,kkip
낗,kkit
나,na
낙,nak
낚,nak
낛,naks
난,nan
낝,nanj
낞,nanh
낟,nat
날,nal
낡,nalk
낢,nalm
낣,nalp
낤,nals
낥,nalt
낦,nalp
낧,nalh
남,nam
납,nap
낪,naps
낫,nat
났,nat
낭,nang
낮,nat
낯,nat
낰,nak
낱,nat
낲,nap
낳,nat
내,nae
낵,naek
낶,naek
낷,naeks
낸,naen
낹,naenj
낺,naenh
낻,naet
낼,nael
낽,naelk
낾,naelm
낿,naelp
냀,naels
냁,naelt
냂,naelp
냃,naelh
냄,naem
냅,naep
냆,naeps
냇,naet
냈,naet
냉,naeng
냊,naet
냋,naet
냌,naek
냍,naet
냎,naep
냏,naet
냐,nya
냑,nyak
냒,nyak
냓,nyaks
냔,nyan
냕,nyanj
냖,nyanh
냗,nyat
냘,nyal
냙,nyalk
냚,nyalm
냛,nyalp
냜,nyals
냝,nyalt
냞,nyalp
냟,nyalh
냠,nyam
냡,nyap
냢,nyaps
냣,nyat
냤,nyat
냥,nyang
냦,nyat
냧,nyat
냨,nyak
냩,nyat
냪,nyap
냫,nyat
냬,nyae
냭,nyaek
냮,nyaek
냯,nyaeks
냰,nyaen
냱,nyaenj
냲,nyaenh
냳,nyaet
냴,nyael
냵,nyaelk
냶,nyaelm
냷,nyaelp
냸,nyaels
냹,nyaelt
냺,nyaelp
냻,nyaelh
냼,nyaem
냽,nyaep
냾,nyaeps
냿,nyaet
넀,nyaet
넁,nyaeng
넂,nyaet
넃,nyaet
넄,nyaek
넅,nyaet
넆,nyaep
넇,nyaet
너,nŏ
넉,nŏk
넊,nŏk
넋,nŏks
넌,nŏn
넍,nŏnj
넎,nŏnh
넏,nŏt
널,nŏl
넑,nŏlk
넒,nŏlm
넓,nŏlp
넔,nŏls
넕,nŏlt
넖,nŏlp
넗,nŏlh
넘,nŏm
넙,nŏp
넚,nŏps
넛,nŏt
넜,nŏt
넝,nŏng
넞,nŏt
넟,nŏt
넠,nŏk
넡,nŏt
넢,nŏp
넣,nŏt
네,ne
넥,nek
넦,nek
넧,neks
넨,nen
넩,nenj
넪,nenh
넫,net
넬,nel
넭,nelk
넮,nelm
넯,nelp
넰,nels
넱,nelt
넲,nelp
넳,nelh
넴,nem
넵,nep
넶,neps
넷,net
넸,net
넹,neng
넺,net
넻,net
넼,nek
넽,net
넾,nep
넿,net
녀,nyŏ
녁,nyŏk
녂,nyŏk
녃,nyŏks
년,nyŏn
녅,nyŏnj
녆,nyŏnh
녇,nyŏt
녈,nyŏl
녉,nyŏlk
녊,nyŏlm
녋,nyŏlp
녌,nyŏls
녍,nyŏlt
녎,nyŏlp
녏,nyŏlh
념,nyŏm
녑,nyŏp
녒,nyŏps
녓,nyŏt
녔,nyŏt
녕,nyŏng
녖,nyŏt
녗,nyŏt
녘,nyŏk
녙,nyŏt
녚,nyŏp
녛,nyŏt
녜,nye
녝,nyek
녞,nyek
녟,nyeks
녠,nyen
녡,nyenj
녢,nyenh
녣,nyet
녤,nyel
녥,nyelk
녦,nyelm
녧,nyelp
녨,nyels
녩,nyelt
녪,nyelp
녫,nyelh
녬,nyem
녭,nyep
녮,nyeps
녯,nyet
녰,nyet
녱,nyeng
녲,nyet
녳,nyet
녴,nyek
녵,nyet
녶,nyep
녷,nyet
노,no
녹,nok
녺,nok
녻,noks
논,non
녽,nonj
녾,nonh
녿,not
놀,nol
놁,nolk
놂,nolm
놃,nolp
놄,nols
놅,nolt
놆,nolp
놇,nolh
놈,nom
놉,nop
놊,nops
놋,not
놌,not
농,nong
놎,not
놏,not
놐,nok
놑,not
높,nop
놓,not
놔,nwa
놕,nwak
놖,nwak
놗,nwaks
놘,nwan
놙,nwanj
놚,nwanh
놛,nwat
놜,nwal
놝,nwalk
놞,nwalm
놟,nwalp
놠,nwals
놡,nwalt
놢,nwalp
놣,nwalh
놤,nwam
놥,nwap
놦,nwaps
놧,nwat
놨,nwat
놩,nwang
놪,nwat
놫,nwat
놬,nwak
놭,nwat
놮,nwap
놯,nwat
놰,nwae
놱,nwaek
놲,nwaek
놳,nwaeks
놴,nwaen
놵,nwaenj
놶,nwaenh
놷,nwaet
놸,nwael
놹,nwaelk
놺,nwaelm
놻,nwaelp
놼,nwaels
놽,nwaelt
놾,nwaelp
놿,nwaelh
뇀,nwaem
뇁,nwaep
뇂,nwaeps
뇃,nwaet
뇄,nwaet
뇅,nwaeng
뇆,nwaet
뇇,nwaet
뇈,nwaek
뇉,nwaet
뇊,nwaep
뇋,nwaet
뇌,noe
뇍,noek
뇎,noek
뇏,noeks
뇐,noen
뇑,noenj
뇒,noenh
뇓,noet
뇔,noel
뇕,noelk
뇖,noelm
뇗,noelp
뇘,noels
뇙,noelt
뇚,noelp
뇛,noelh
뇜,noem
뇝,noep
뇞,noeps
뇟,noet
뇠,noet
뇡,noeng
뇢,noet
뇣,noet
뇤,noek
뇥,noet
뇦,noep
뇧,noet
뇨,nyo
뇩,nyok
뇪,nyok
뇫,nyoks
뇬,nyon
뇭,nyonj
뇮,nyonh
뇯,nyot
뇰,nyol
뇱,nyolk
뇲,nyolm
뇳,nyolp
뇴,nyols
뇵,nyolt
뇶,nyolp
뇷,nyolh
뇸,nyom
뇹,nyop
뇺,nyops
뇻,nyot
뇼,nyot
뇽,nyong
뇾,nyot
뇿,nyot
눀,nyok
눁,nyot
눂,nyop
눃,nyot
누,nu
눅,nuk
눆,nuk
눇,nuks
눈,nun
눉,nunj
눊,nunh
눋,nut
눌,nul
눍,nulk
눎,nulm
눏,nulp
눐,nuls
눑,nult
눒,nulp
눓,nulh
눔,num
눕,nup
눖,nups
눗,nut
눘,nut
눙,nung
눚,nut
눛,nut
눜,nuk
눝,nut
눞,nup
눟,nut
눠,nwŏ
눡,nwŏk
눢,nwŏk
눣,nwŏks
눤,nwŏn
눥,nwŏnj
눦,nwŏnh
눧,nwŏt
눨,nwŏl
눩,nwŏlk
눪,nwŏlm
눫,nwŏlp
눬,nwŏls
눭,nwŏlt
눮,nwŏlp
눯,nwŏlh
눰,nwŏm
눱,nwŏp
눲,nwŏps
눳,nwŏt
눴,nwŏt
눵,nwŏng
눶,nwŏt
눷,nwŏt
눸,nwŏk
눹,nwŏt
눺,nwŏp
눻,nwŏt
눼,nwe
눽,nwek
눾,nwek
눿,nweks
뉀,nwen
뉁,nwenj
뉂,nwenh
뉃,nwet
뉄,nwel
뉅,nwelk
뉆,nwelm
뉇,nwelp
뉈,nwels
뉉,nwelt
뉊,nwelp
뉋,nwelh
뉌,nwem
뉍,nwep
뉎,nweps
뉏,nwet
뉐,nwet
뉑,nweng
뉒,nwet
뉓,nwet
뉔,nwek
뉕,nwet
뉖,nwep
뉗,nwet
뉘,nwi
뉙,nwik
뉚,nwik
뉛,nwiks
뉜,nwin
뉝,nwinj
뉞,nwinh
뉟,nwit
뉠,nwil
뉡,nwilk
뉢,nwilm
뉣,nwilp
뉤,nwils
뉥,nwilt
뉦,nwilp
뉧,nwilh
뉨,nwim
뉩,nwip
뉪,nwips
뉫,nwit
뉬,nwit
뉭,nwing
뉮,nwit
뉯,nwit
뉰,nwik
뉱,nwit
뉲,nwip
뉳,nwit
뉴,nyu
뉵,nyuk
뉶,nyuk
뉷,nyuks
뉸,nyun
뉹,nyunj
뉺,nyunh
뉻,nyut
뉼,nyul
뉽,nyulk
뉾,nyulm
뉿,nyulp
늀,nyuls
늁,nyult
늂,nyulp
늃,nyulh
늄,nyum
늅,nyup
늆,nyups
늇,nyut
늈,nyut
늉,nyung
늊,nyut
늋,nyut
늌,nyuk
늍,nyut
늎,nyup
늏,nyut
느,nŭ
늑,nŭk
늒,nŭk
늓,nŭks
는,nŭn
늕,nŭnj
늖,nŭnh
늗,nŭt
늘,nŭl
늙,nŭlk
늚,nŭlm
늛,nŭlp
늜,nŭls
늝,nŭlt
늞,nŭlp
늟,nŭlh
늠,nŭm
늡,nŭp
늢,nŭps
늣,nŭt
늤,nŭt
능,nŭng
늦,nŭt
늧,nŭt
늨,nŭk
늩,nŭt
늪,nŭp
늫,nŭt
늬,nŭi
늭,nŭik
늮,nŭik
늯,nŭiks
늰,nŭin
늱,nŭinj
늲,nŭinh
늳,nŭit
늴,nŭil
늵,nŭilk
늶,nŭilm
늷,nŭilp
늸,nŭils
늹,nŭilt
늺,nŭilp
늻,nŭilh
늼,nŭim
늽,nŭip
늾,nŭips
늿,nŭit
닀,nŭit
닁,nŭing
닂,nŭit
닃,nŭit
닄,nŭik
닅,nŭit
닆,nŭip
닇,nŭit
니,ni
닉,nik
닊,nik
닋,niks
닌,nin
닍,ninj
닎,ninh
닏,nit
닐,nil
닑,nilk
닒,nilm
닓,nilp
닔,nils
닕,nilt
닖,nilp
닗,nilh
님,nim
닙,nip
닚,nips
닛,nit
닜,nit
닝,ning
닞,nit
닟,nit
닠,nik
닡,nit
닢,nip
닣,nit
다,ta
닥,tak
닦,tak
닧,taks
단,tan
닩,tanj
닪,tanh
닫,tat
달,tal
닭,talk
닮,talm
닯,talp
닰,tals
닱,talt
닲,talp
닳,talh
담,tam
답,tap
닶,taps
닷,tat
닸,tat
당,tang
닺,tat
닻,tat
닼,tak
닽,tat
닾,tap
닿,tat
대,tae
댁,taek
댂,taek
댃,taeks
댄,taen
댅,taenj
댆,taenh
댇,taet
댈,tael
댉,taelk
댊,taelm
댋,taelp
댌,taels
댍,taelt
댎,taelp
댏,taelh
댐,taem
댑,taep
댒,taeps
댓,taet
댔,taet
댕,taeng
댖,taet
댗,taet
댘,taek
댙,taet
댚,taep
댛,taet
댜,tya
댝,tyak
댞,tyak
댟,tyaks
댠,tyan
댡,tyanj
댢,tyanh
댣,tyat
댤,tyal
댥,tyalk
댦,tyalm
댧,tyalp
댨,tyals
댩,tyalt
댪,tyalp
댫,tyalh
댬,tyam
댭,tyap
댮,tyaps
댯,tyat
댰,tyat
댱,tyang
댲,tyat
댳,tyat
댴,tyak
댵,tyat
댶,tyap
댷,tyat
댸,tyae
댹,tyaek
댺,tyaek
댻,tyaeks
댼,tyaen
댽,tyaenj
댾,tyaenh
댿,tyaet
덀,tyael
덁,tyaelk
덂,tyaelm
덃,tyaelp
덄,tyaels
덅,tyaelt
덆,tyaelp
덇,tyaelh
덈,tyaem
덉,tyaep
덊,tyaeps
덋,tyaet
덌,tyaet
덍,tyaeng
덎,tyaet
덏,tyaet
덐,tyaek
덑,tyaet
덒,tyaep
덓,tyaet
더,tŏ
덕,tŏk
덖,tŏk
덗,tŏks
던,tŏn
덙,tŏnj
덚,tŏnh
덛,tŏt
덜,tŏl
덝,tŏlk
덞,tŏlm
덟,tŏlp
덠,tŏls
덡,tŏlt
덢,tŏlp
덣,tŏlh
덤,tŏm
덥,tŏp
덦,tŏps
덧,tŏt
덨,tŏt
덩,tŏng
덪,tŏt
덫,tŏt
덬,tŏk
덭,tŏt
덮,tŏp
덯,tŏt
데,te
덱,tek
덲,tek
덳,teks
덴,ten
덵,tenj
덶,tenh
덷,tet
델,tel
덹,telk
덺,telm
덻,telp
덼,tels
덽,telt
덾,telp
덿,telh
뎀,tem
뎁,tep
뎂,teps
뎃,tet
뎄,tet
뎅,teng
뎆,tet
뎇,tet
뎈,tek
뎉,tet
뎊,tep
뎋,tet
뎌,tyŏ
뎍,tyŏk
뎎,tyŏk
뎏,tyŏks
뎐,tyŏn
뎑,tyŏnj
뎒,tyŏnh
뎓,tyŏt
뎔,tyŏl
뎕,tyŏlk
뎖,tyŏlm
뎗,tyŏlp
뎘,tyŏls
뎙,tyŏlt
뎚,tyŏlp
뎛,tyŏlh
뎜,tyŏm
뎝,tyŏp
뎞,tyŏps
뎟,tyŏt
뎠,tyŏt
뎡,tyŏng
뎢,tyŏt
뎣,tyŏt
뎤,tyŏk
뎥,tyŏt
뎦,tyŏp
뎧,tyŏt
뎨,tye
뎩,tyek
뎪,tyek
뎫,tyeks
뎬,tyen
뎭,tyenj
뎮,tyenh
뎯,tyet
뎰,tyel
뎱,tyelk
뎲,tyelm
뎳,tyelp
뎴,tyels
뎵,tyelt
뎶,tyelp
뎷,tyelh
뎸,tyem
뎹,tyep
뎺,tyeps
뎻,tyet
뎼,tyet
뎽,tyeng
뎾,tyet
뎿,tyet
돀,tyek
돁,tyet
돂,tyep
돃,tyet
도,to
독,tok
돆,tok
돇,toks
돈,ton
돉,tonj
돊,tonh
돋,tot
돌,tol
돍,tolk
돎,tolm
돏,tolp
돐,tols
돑,tolt
돒,tolp
돓,tolh
돔,tom
돕,top
돖,tops
돗,tot
돘,tot
동,tong
돚,tot
돛,tot
돜,tok
돝,tot
돞,top
돟,tot
돠,twa
돡,twak
돢,twak
돣,twaks
돤,twan
돥,twanj
돦,twanh
돧,twat
돨,twal
돩,twalk
돪,twalm
돫,twalp
돬,twals
돭,twalt
돮,twalp
돯,twalh
돰,twam
돱,twap
돲,twaps
돳,twat
돴,twat
돵,twang
돶,twat
돷,twat
돸,twak
돹,twat
돺,twap
돻,twat
돼,twae
돽,twaek
돾,twaek
돿,twaeks
됀,twaen
됁,twaenj
됂,twaenh
됃,twaet
됄,twael
됅,twaelk
됆,twaelm
됇,twaelp
됈,twaels
됉,twaelt
됊,twaelp
됋,twaelh
됌,twaem
됍,twaep
됎,twaeps
됏,twaet
됐,twaet
됑,twaeng
됒,twaet
됓,twaet
됔,twaek
됕,twaet
됖,twaep
됗,twaet
되,toe
됙,toek
됚,toek
됛,toeks
된,toen
됝,toenj
됞,toenh
됟,toet
될,toel
됡,toelk
됢,toelm
됣,toelp
됤,toels
됥,toelt
됦,toelp
됧,toelh
됨,toem
됩,toep
됪,toeps
됫,toet
됬,toet
됭,toeng
됮,toet
됯,toet
됰,toek
됱,toet
됲,toep
됳,toet
됴,tyo
됵,tyok
됶,tyok
됷,tyoks
됸,tyon
됹,tyonj
됺,tyonh
됻,tyot
됼,tyol
됽,tyolk
됾,tyolm
됿,tyolp
둀,tyols
둁,tyolt
둂,tyolp
둃,tyolh
둄,tyom
둅,tyop
둆,tyops
둇,tyot
둈,tyot
둉,tyong
둊,tyot
둋,tyot
둌,tyok
둍,tyot
둎,tyop
둏,tyot
두,tu
둑,tuk
둒,tuk
둓,tuks
둔,tun
둕,tunj
둖,tunh
둗,tut
둘,tul
둙,tulk
둚,tulm
둛,tulp
둜,tuls
둝,tult
둞,tulp
둟,tulh
둠,tum
둡,tup
둢,tups
둣,tut
둤,tut
둥,tung
둦,tut
둧,tut
둨,tuk
둩,tut
둪,tup
둫,tut
둬,twŏ
둭,twŏk
둮,twŏk
둯,twŏks
둰,twŏn
둱,twŏnj
둲,twŏnh
둳,twŏt
둴,twŏl
둵,twŏlk
둶,twŏlm
둷,twŏlp
둸,twŏls
둹,twŏlt
둺,twŏlp
둻,twŏlh
둼,twŏm
둽,twŏp
둾,twŏps
둿,twŏt
뒀,twŏt
뒁,twŏng
뒂,twŏt
뒃,twŏt
뒄,twŏk
뒅,twŏt
뒆,twŏp
뒇,twŏt
뒈,twe
뒉,twek
뒊,twek
뒋,tweks
뒌,twen
뒍,twenj
뒎,twenh
뒏,twet
뒐,twel
뒑,twelk
뒒,twelm
뒓,twelp
뒔,twels
뒕,twelt
뒖,twelp
뒗,twelh
뒘,twem
뒙,twep
뒚,tweps
뒛,twet
뒜,twet
뒝,tweng
뒞,twet
뒟,twet
뒠,twek
뒡,twet
뒢,twep
뒣,twet
뒤,twi
뒥,twik
뒦,twik
뒧,twiks
뒨,twin
뒩,twinj
뒪,twinh
뒫,twit
뒬,twil
뒭,twilk
뒮,twilm
뒯,twilp
뒰,twils
뒱,twilt
뒲,twilp
뒳,twilh
뒴,twim
뒵,twip
뒶,twips
뒷,twit
뒸,twit
뒹,twing
뒺,twit
뒻,twit
뒼,twik
뒽,twit
뒾,twip
뒿,twit
듀,tyu
듁,tyuk
듂,tyuk
듃,tyuks
듄,tyun
듅,tyunj
듆,tyunh
듇,tyut
듈,tyul
듉,tyulk
듊,tyulm
듋,tyulp
듌,tyuls
듍,tyult
듎,tyulp
듏,tyulh
듐,tyum
듑,tyup
듒,tyups
듓,tyut
듔,tyut
듕,tyung
듖,tyut
듗,tyut
듘,tyuk
듙,tyut
듚,tyup
듛,tyut
드,tŭ
득,tŭk
듞,tŭk
듟,tŭks
든,tŭn
듡,tŭnj
듢,tŭnh
듣,tŭt
들,tŭl
듥,tŭlk
듦,tŭlm
듧,tŭlp
듨,tŭls
듩,tŭlt
듪,tŭlp
듫,tŭlh
듬,tŭm
듭,tŭp
듮,tŭps
듯,tŭt
듰,tŭt
등,tŭng
듲,tŭt
듳,tŭt
듴,tŭk
듵,tŭt
듶,tŭp
듷,tŭt
듸,tŭi
듹,tŭik
듺,tŭik
듻,tŭiks
듼,tŭin
듽,tŭinj
듾,tŭinh
듿,tŭit
딀,tŭil
딁,tŭilk
딂,tŭilm
딃,tŭilp
딄,tŭils
딅,tŭilt
딆,tŭilp
딇,tŭilh
딈,tŭim
딉,tŭip
딊,tŭips
딋,tŭit
딌,tŭit
딍,tŭing
딎,tŭit
딏,tŭit
딐,tŭik
딑,tŭit
딒,tŭip
딓,tŭit
디,ti
딕,tik
딖,tik
딗,tiks
딘,tin
딙,tinj
딚,tinh
딛,tit
딜,til
딝,tilk
딞,tilm
딟,tilp
딠,tils
딡,tilt
딢,tilp
딣,tilh
딤,tim
딥,tip
딦,tips
딧,tit
딨,tit
딩,ting
딪,tit
딫,tit
딬,tik
딭,tit
딮,tip
딯,tit
따,tta
딱,ttak
딲,ttak
딳,ttaks
딴,ttan
딵,ttanj
딶,ttanh
딷,ttat
딸,ttal
딹,ttalk
딺,ttalm
딻,ttalp
딼,ttals
딽,ttalt
딾,ttalp
딿,ttalh
땀,ttam
땁,ttap
땂,ttaps
땃,ttat
땄,ttat
땅,ttang
땆,ttat
땇,ttat
땈,ttak
땉,ttat
땊,ttap
땋,ttat
때,ttae
땍,ttaek
땎,ttaek
땏,ttaeks
땐,ttaen
땑,ttaenj
땒,ttaenh
땓,ttaet
땔,ttael
땕,ttaelk
땖,ttaelm
땗,ttaelp
땘,ttaels
땙,ttaelt
땚,ttaelp
땛,ttaelh
땜,ttaem
땝,ttaep
땞,ttaeps
땟,ttaet
땠,ttaet
땡,ttaeng
땢,ttaet
땣,ttaet
땤,ttaek
땥,ttaet
땦,ttaep
땧,ttaet
땨,ttya
땩,ttyak
땪,ttyak
땫,ttyaks
땬,ttyan
땭,ttyanj
땮,ttyanh
땯,ttyat
땰,ttyal
땱,ttyalk
땲,ttyalm
땳,ttyalp
땴,ttyals
땵,ttyalt
땶,ttyalp
땷,ttyalh
땸,ttyam
땹,ttyap
땺,ttyaps
땻,ttyat
땼,ttyat
땽,ttyang
땾,ttyat
땿,ttyat
떀,ttyak
떁,ttyat
떂,ttyap
떃,ttyat
떄,ttyae
떅,ttyaek
떆,ttyaek
떇,ttyaeks
떈,ttyaen
떉,ttyaenj
떊,ttyaenh
떋,ttyaet
떌,ttyael
떍,ttyaelk
떎,ttyaelm
떏,ttyaelp
떐,ttyaels
떑,ttyaelt
떒,ttyaelp
떓,ttyaelh
떔,ttyaem
떕,ttyaep
떖,ttyaeps
떗,ttyaet
떘,ttyaet
떙,ttyaeng
떚,ttyaet
떛,ttyaet
떜,ttyaek
떝,ttyaet
떞,ttyaep
떟,ttyaet
떠,ttŏ
떡,ttŏk
떢,ttŏk
떣,ttŏks
떤,ttŏn
떥,ttŏnj
떦,ttŏnh
떧,ttŏt
떨,ttŏl
떩,ttŏlk
떪,ttŏlm
떫,ttŏlp
떬,ttŏls
떭,ttŏlt
떮,ttŏlp
떯,ttŏlh
떰,ttŏm
떱,ttŏp
떲,ttŏps
떳,ttŏt
떴,ttŏt
떵,ttŏng
떶,ttŏt
떷,ttŏt
떸,ttŏk
떹,ttŏt
떺,ttŏp
떻,ttŏt
떼,tte
떽,ttek
떾,ttek
떿,tteks
뗀,tten
뗁,ttenj
뗂,ttenh
뗃,ttet
뗄,ttel
뗅,ttelk
뗆,ttelm
뗇,ttelp
뗈,ttels
뗉,ttelt
뗊,ttelp
뗋,ttelh
뗌,ttem
뗍,ttep
뗎,tteps
뗏,ttet
뗐,ttet
뗑,tteng
뗒,ttet
뗓,ttet
뗔,ttek
뗕,ttet
뗖,ttep
뗗,ttet
뗘,ttyŏ
뗙,ttyŏk
뗚,ttyŏk
뗛,ttyŏks
뗜,ttyŏn
뗝,ttyŏnj
뗞,ttyŏnh
뗟,ttyŏt
뗠,ttyŏl
뗡,ttyŏlk
뗢,ttyŏlm
뗣,ttyŏlp
뗤,ttyŏls
뗥,ttyŏlt
뗦,ttyŏlp
뗧,ttyŏlh
뗨,ttyŏm
뗩,ttyŏp
뗪,ttyŏps
뗫,ttyŏt
뗬,ttyŏt
뗭,ttyŏng
뗮,ttyŏt
뗯,ttyŏt
뗰,ttyŏk
뗱,ttyŏt
뗲,ttyŏp
뗳,ttyŏt
뗴,ttye
뗵,ttyek
뗶,ttyek
뗷,ttyeks
뗸,ttyen
뗹,ttyenj
뗺,ttyenh
뗻,ttyet
뗼,ttyel
뗽,ttyelk
뗾,ttyelm
뗿,ttyelp
똀,ttyels
똁,ttyelt
똂,ttyelp
똃,ttyelh
똄,ttyem
똅,ttyep
똆,ttyeps
똇,ttyet
똈,ttyet
똉,ttyeng
똊,ttyet
똋,ttyet
똌,ttyek
똍,ttyet
똎,ttyep
똏,ttyet
또,tto
똑,ttok
똒,ttok
똓,ttoks
똔,tton
똕,ttonj
똖,ttonh
똗,ttot
똘,ttol
똙,ttolk
똚,ttolm
똛,ttolp
똜,ttols
똝,ttolt
똞,ttolp
똟,ttolh
똠,ttom
똡,ttop
똢,ttops
똣,ttot
똤,ttot
똥,ttong
똦,ttot
똧,ttot
똨,ttok
똩,ttot
똪,ttop
똫,ttot
똬,ttwa
똭,ttwak
똮,ttwak
똯,ttwaks
똰,ttwan
똱,ttwanj
똲,ttwanh
똳,ttwat
똴,ttwal
똵,ttwalk
똶,ttwalm
똷,ttwalp
똸,ttwals
똹,ttwalt
똺,ttwalp
똻,ttwalh
똼,ttwam
똽,ttwap
똾,ttwaps
똿,ttwat
뙀,ttwat
뙁,ttwang
뙂,ttwat
뙃,ttwat
뙄,ttwak
뙅,ttwat
뙆,ttwap
뙇,ttwat
뙈,ttwae
뙉,ttwaek
뙊,ttwaek
뙋,ttwaeks
뙌,ttwaen
뙍,ttwaenj
뙎,ttwaenh
뙏,ttwaet
뙐,ttwael
뙑,ttwaelk
뙒,ttwaelm
뙓,ttwaelp
뙔,ttwaels
뙕,ttwaelt
뙖,ttwaelp
뙗,ttwaelh
뙘,ttwaem
뙙,ttwaep
뙚,ttwaeps
뙛,ttwaet
뙜,ttwaet
뙝,ttwaeng
뙞,ttwaet
뙟,ttwaet
뙠,ttwaek
뙡,ttwaet
뙢,ttwaep
뙣,ttwaet
뙤,ttoe
뙥,ttoek
뙦,ttoek
뙧,ttoeks
뙨,ttoen
뙩,ttoenj
뙪,ttoenh
뙫,ttoet
뙬,ttoel
뙭,ttoelk
뙮,ttoelm
뙯,ttoelp
뙰,ttoels
뙱,ttoelt
뙲,ttoelp
뙳,ttoelh
뙴,ttoem
뙵,ttoep
뙶,ttoeps
뙷,ttoet
뙸,ttoet
뙹,ttoeng
뙺,ttoet
뙻,ttoet
뙼,ttoek
뙽,ttoet
뙾,ttoep
뙿,ttoet
뚀,ttyo
뚁,ttyok
뚂,ttyok
뚃,ttyoks
뚄,ttyon
뚅,ttyonj
뚆,ttyonh
뚇,ttyot
뚈,ttyol
뚉,ttyolk
뚊,ttyolm
뚋,ttyolp
뚌,ttyols
뚍,ttyolt
뚎,ttyolp
뚏,ttyolh
뚐,ttyom
뚑,ttyop
뚒,ttyops
뚓,ttyot
뚔,ttyot
뚕,ttyong
뚖,ttyot
뚗,ttyot
뚘,ttyok
뚙,ttyot
뚚,ttyop
뚛,ttyot
뚜,ttu
뚝,ttuk
뚞,ttuk
뚟,ttuks
뚠,ttun
뚡,ttunj
뚢,ttunh
뚣,ttut
뚤,ttul
뚥,ttulk
뚦,ttulm
뚧,ttulp
뚨,ttuls
뚩,ttult
뚪,ttulp
뚫,ttulh
뚬,ttum
뚭,ttup
뚮,ttups
뚯,ttut
뚰,ttut
뚱,ttung
뚲,ttut
뚳,ttut
뚴,ttuk
뚵,ttut
뚶,ttup
뚷,ttut
뚸,ttwŏ
뚹,ttwŏk
뚺,ttwŏk
뚻,ttwŏks
뚼,ttwŏn
뚽,ttwŏnj
뚾,ttwŏnh
뚿,ttwŏt
뛀,ttwŏl
뛁,ttwŏlk
뛂,ttwŏlm
뛃,ttwŏlp
뛄,ttwŏls
뛅,ttwŏlt
뛆,ttwŏlp
뛇,ttwŏlh
뛈,ttwŏm
뛉,ttwŏp
뛊,ttwŏps
뛋,ttwŏt
뛌,ttwŏt
뛍,ttwŏng
뛎,ttwŏt
뛏,ttwŏt
뛐,ttwŏk
뛑,ttwŏt
뛒,ttwŏp
뛓,ttwŏt
뛔,ttwe
뛕,ttwek
뛖,ttwek
뛗,ttweks
뛘,ttwen
뛙,ttwenj
뛚,ttwenh
뛛,ttwet
뛜,ttwel
뛝,ttwelk
뛞,ttwelm
뛟,ttwelp
뛠,ttwels
뛡,ttwelt
뛢,ttwelp
뛣,ttwelh
뛤,ttwem
뛥,ttwep
뛦,ttweps
뛧,ttwet
뛨,ttwet
뛩,ttweng
뛪,ttwet
뛫,ttwet
뛬,ttwek
뛭,ttwet
뛮,ttwep
뛯,ttwet
뛰,ttwi
뛱,ttwik
뛲,ttwik
뛳,ttwiks
뛴,ttwin
뛵,ttwinj
뛶,ttwinh
뛷,ttwit
뛸,ttwil
뛹,ttwilk
뛺,ttwilm
뛻,ttwilp
뛼,ttwils
뛽,ttwilt
뛾,ttwilp
뛿,ttwilh
뜀,ttwim
뜁,ttwip
뜂,ttwips
뜃,ttwit
뜄,ttwit
뜅,ttwing
뜆,ttwit
뜇,ttwit
뜈,ttwik
뜉,ttwit
뜊,ttwip
뜋,ttwit
뜌,ttyu
뜍,ttyuk
뜎,ttyuk
뜏,ttyuks
뜐,ttyun
뜑,ttyunj
뜒,ttyunh
뜓,ttyut
뜔,ttyul
뜕,ttyulk
뜖,ttyulm
뜗,ttyulp
뜘,ttyuls
뜙,ttyult
뜚,ttyulp
뜛,ttyulh
뜜,ttyum
뜝,ttyup
뜞,ttyups
뜟,ttyut
뜠,ttyut
뜡,ttyung
뜢,ttyut
뜣,ttyut
뜤,ttyuk
뜥,ttyut
뜦,ttyup
뜧,ttyut
뜨,ttŭ
뜩,ttŭk
뜪,ttŭk
뜫,ttŭks
뜬,ttŭn
뜭,ttŭnj
뜮,ttŭnh
뜯,ttŭt
뜰,ttŭl
뜱,ttŭlk
뜲,ttŭlm
뜳,ttŭlp
뜴,ttŭls
뜵,ttŭlt
뜶,ttŭlp
뜷,ttŭlh
뜸,ttŭm
뜹,ttŭp
뜺,ttŭps
뜻,ttŭt
뜼,ttŭt
뜽,ttŭng
뜾,ttŭt
뜿,ttŭt
띀,ttŭk
띁,ttŭt
띂,ttŭp
띃,ttŭt
띄,ttŭi
띅,ttŭik
띆,ttŭik
띇,ttŭiks
띈,ttŭin
띉,ttŭinj
띊,ttŭinh
띋,ttŭit
띌,ttŭil
띍,ttŭilk
띎,ttŭilm
띏,ttŭilp
띐,ttŭils
띑,ttŭilt
띒,ttŭilp
띓,ttŭilh
띔,ttŭim
띕,ttŭip
띖,ttŭips
띗,ttŭit
띘,ttŭit
띙,ttŭing
띚,ttŭit
띛,ttŭit
띜,ttŭik
띝,ttŭit
띞,ttŭip
띟,ttŭit
띠,tti
띡,ttik
띢,ttik
띣,ttiks
띤,ttin
띥,ttinj
띦,ttinh
띧,ttit
띨,ttil
띩,ttilk
띪,ttilm
띫,ttilp
띬,ttils
띭,ttilt
띮,ttilp
띯,ttilh
띰,ttim
띱,ttip
띲,ttips
띳,ttit
띴,ttit
띵,tting
띶,ttit
띷,ttit
띸,ttik
띹,ttit
띺,ttip
띻,ttit
라,ra
락,rak
띾,rak
띿,raks
란,ran
랁,ranj
랂,ranh
랃,rat
랄,ral
랅,ralk
랆,ralm
랇,ralp
랈,rals
랉,ralt
랊,ralp
랋,ralh
람,ram
랍,rap
랎,raps
랏,rat
랐,rat
랑,rang
랒,rat
랓,rat
랔,rak
랕,rat
랖,rap
랗,rat
래,rae
랙,raek
랚,raek
랛,raeks
랜,raen
랝,raenj
랞,raenh
랟,raet
랠,rael
랡,raelk
랢,raelm
랣,raelp
랤,raels
랥,raelt
랦,raelp
랧,raelh
램,raem
랩,raep
랪,raeps
랫,raet
랬,raet
랭,raeng
랮,raet
랯,raet
랰,raek
랱,raet
랲,raep
랳,raet
랴,rya
략,ryak
랶,ryak
랷,ryaks
랸,ryan
랹,ryanj
랺,ryanh
랻,ryat
랼,ryal
랽,ryalk
랾,ryalm
랿,ryalp
럀,ryals
럁,ryalt
럂,ryalp
럃,ryalh
럄,ryam
럅,ryap
럆,ryaps
럇,ryat
럈,ryat
량,ryang
럊,ryat
럋,ryat
럌,ryak
럍,ryat
럎,ryap
럏,ryat
럐,ryae
럑,ryaek
럒,ryaek
럓,ryaeks
럔,ryaen
럕,ryaenj
럖,ryaenh
럗,ryaet
럘,ryael
럙,ryaelk
럚,ryaelm
럛,ryaelp
럜,ryaels
럝,ryaelt
럞,ryaelp
럟,ryaelh
럠,ryaem
럡,ryaep
럢,ryaeps
럣,ryaet
럤,ryaet
럥,ryaeng
럦,ryaet
럧,ryaet
럨,ryaek
럩,ryaet
럪,ryaep
럫,ryaet
러,rŏ
럭,rŏk
럮,rŏk
럯,rŏks
런,rŏn
럱,rŏnj
럲,rŏnh
럳,rŏt
럴,rŏl
럵,rŏlk
럶,rŏlm
럷,rŏlp
럸,rŏls
럹,rŏlt
럺,rŏlp
럻,rŏlh
럼,rŏm
럽,rŏp
럾,rŏps
럿,rŏt
렀,rŏt
렁,rŏng
렂,rŏt
렃,rŏt
렄,rŏk
렅,rŏt
렆,rŏp
렇,rŏt
레,re
렉,rek
렊,rek
렋,reks
렌,ren
렍,renj
렎,renh
렏,ret
렐,rel
렑,relk
렒,relm
렓,relp
렔,rels
렕,relt
렖,relp
렗,relh
렘,rem
렙,rep
렚,reps
렛,ret
렜,ret
렝,reng
렞,ret
렟,ret
렠,rek
렡,ret
렢,rep
렣,ret
려,ryŏ
력,ryŏk
렦,ryŏk
렧,ryŏks
련,ryŏn
렩,ryŏnj
렪,ryŏnh
렫,ryŏt
렬,ryŏl
렭,ryŏlk
렮,ryŏlm
렯,ryŏlp
렰,ryŏls
렱,ryŏlt
렲,ryŏlp
렳,ryŏlh
렴,ryŏm
렵,ryŏp
렶,ryŏps
렷,ryŏt
렸,ryŏt
령,ryŏng
렺,ryŏt
렻,ryŏt
렼,ryŏk
렽,ryŏt
렾,ryŏp
렿,ryŏt
례,rye
롁,ryek
롂,ryek
롃,ryeks
롄,ryen
롅,ryenj
롆,ryenh
롇,ryet
롈,ryel
롉,ryelk
롊,ryelm
롋,ryelp
롌,ryels
롍,ryelt
롎,ryelp
롏,ryelh
롐,ryem
롑,ryep
롒,ryeps
롓,ryet
롔,ryet
롕,ryeng
롖,ryet
롗,ryet
롘,ryek
롙,ryet
롚,ryep
롛,ryet
로,ro
록,rok
롞,rok
롟,roks
론,ron
롡,ronj
롢,ronh
롣,rot
롤,rol
롥,rolk
롦,rolm
롧,rolp
롨,rols
롩,rolt
롪,rolp
롫,rolh
롬,rom
롭,rop
롮,rops
롯,rot
롰,rot
롱,rong
롲,rot
롳,rot
롴,rok
롵,rot
롶,rop
롷,rot
롸,rwa
롹,rwak
롺,rwak
롻,rwaks
롼,rwan
롽,rwanj
롾,rwanh
롿,rwat
뢀,rwal
뢁,rwalk
뢂,rwalm
뢃,rwalp
뢄,rwals
뢅,rwalt
뢆,rwalp
뢇,rwalh
뢈,rwam
뢉,rwap
뢊,rwaps
뢋,rwat
뢌,rwat
뢍,rwang
뢎,rwat
뢏,rwat
뢐,rwak
뢑,rwat
뢒,rwap
뢓,rwat
뢔,rwae
뢕,rwaek
뢖,rwaek
뢗,rwaeks
뢘,rwaen
뢙,rwaenj
뢚,rwaenh
뢛,rwaet
뢜,rwael
뢝,rwaelk
뢞,rwaelm
뢟,rwaelp
뢠,rwaels
뢡,rwaelt
뢢,rwaelp
뢣,rwaelh
뢤,rwaem
뢥,rwaep
뢦,rwaeps
뢧,rwaet
뢨,rwaet
뢩,rwaeng
뢪,rwaet
뢫,rwaet
뢬,rwaek
뢭,rwaet
뢮,rwaep
뢯,rwaet
뢰,roe
뢱,roek
뢲,roek
뢳,roeks
뢴,roen
뢵,roenj
뢶,roenh
뢷,roet
뢸,roel
뢹,roelk
뢺,roelm
뢻,roelp
뢼,roels
뢽,roelt
뢾,roelp
뢿,roelh
룀,roem
룁,roep
룂,roeps
룃,roet
룄,roet
룅,roeng
룆,roet
룇,roet
룈,roek
룉,roet
룊,roep
룋,roet
료,ryo
룍,ryok
룎,ryok
룏,ryoks
룐,ryon
룑,ryonj
룒,ryonh
룓,ryot
룔,ryol
룕,ryolk
룖,ryolm
룗,ryolp
룘,ryols
룙,ryolt
룚,ryolp
룛,ryolh
룜,ryom
룝,ryop
룞,ryops
룟,ryot
룠,ryot
룡,ryong
룢,ryot
룣,ryot
룤,ryok
룥,ryot
룦,ryop
룧,ryot
루,ru
룩,ruk
룪,ruk
룫,ruks
룬,run
룭,runj
룮,runh
룯,rut
룰,rul
룱,rulk
룲,rulm
룳,rulp
룴,ruls
룵,rult
룶,rulp
룷,rulh
룸,rum
룹,rup
룺,rups
룻,rut
룼,rut
룽,rung
룾,rut
룿,rut
뤀,ruk
뤁,rut
뤂,rup
뤃,rut
뤄,rwŏ
뤅,rwŏk
뤆,rwŏk
뤇,rwŏks
뤈,rwŏn
뤉,rwŏnj
뤊,rwŏnh
뤋,rwŏt
뤌,rwŏl
뤍,rwŏlk
뤎,rwŏlm
뤏,rwŏlp
뤐,rwŏls
뤑,rwŏlt
뤒,rwŏlp
뤓,rwŏlh
뤔,rwŏm
뤕,rwŏp
뤖,rwŏps
뤗,rwŏt
뤘,rwŏt
뤙,rwŏng
뤚,rwŏt
뤛,rwŏt
뤜,rwŏk
뤝,rwŏt
뤞,rwŏp
뤟,rwŏt
뤠,rwe
뤡,rwek
뤢,rwek
뤣,rweks
뤤,rwen
뤥,rwenj
뤦,rwenh
뤧,rwet
뤨,rwel
뤩,rwelk
뤪,rwelm
뤫,rwelp
뤬,rwels
뤭,rwelt
뤮,rwelp
뤯,rwelh
뤰,rwem
뤱,rwep
뤲,rweps
뤳,rwet
뤴,rwet
뤵,rweng
뤶,rwet
뤷,rwet
뤸,rwek
뤹,rwet
뤺,rwep
뤻,rwet
뤼,rwi
뤽,rwik
뤾,rwik
뤿,rwiks
륀,rwin
륁,rwinj
륂,rwinh
륃,rwit
륄,rwil
륅,rwilk
륆,rwilm
륇,rwilp
륈,rwils
륉,rwilt
륊,rwilp
륋,rwilh
륌,rwim
륍,rwip
륎,rwips
륏,rwit
륐,rwit
륑,rwing
륒,rwit
륓,rwit
륔,rwik
륕,rwit
륖,rwip
륗,rwit
류,ryu
륙,ryuk
륚,ryuk
륛,ryuks
륜,ryun
륝,ryunj
륞,ryunh
륟,ryut
률,ryul
륡,ryulk
륢,ryulm
륣,ryulp
륤,ryuls
륥,ryult
륦,ryulp
륧,ryulh
륨,ryum
륩,ryup
륪,ryups
륫,ryut
륬,ryut
륭,ryung
륮,ryut
륯,ryut
륰,ryuk
륱,ryut
륲,ryup
륳,ryut
르,rŭ
륵,rŭk
륶,rŭk
륷,rŭks
른,rŭn
륹,rŭnj
륺,rŭnh
륻,rŭt
를,rŭl
륽,rŭlk
륾,rŭlm
륿,rŭlp
릀,rŭls
릁,rŭlt
릂,rŭlp
릃,rŭlh
름,rŭm
릅,rŭp
릆,rŭps
릇,rŭt
릈,rŭt
릉,rŭng
릊,rŭt
릋,rŭt
릌,rŭk
릍,rŭt
릎,rŭp
릏,rŭt
릐,rŭi
릑,rŭik
릒,rŭik
릓,rŭiks
릔,rŭin
릕,rŭinj
릖,rŭinh
릗,rŭit
릘,rŭil
릙,rŭilk
릚,rŭilm
릛,rŭilp
릜,rŭils
릝,rŭilt
릞,rŭilp
릟,rŭilh
릠,rŭim
릡,rŭip
릢,rŭips
릣,rŭit
릤,rŭit
릥,rŭing
릦,rŭit
릧,rŭit
릨,rŭik
릩,rŭit
릪,rŭip
릫,rŭit
리,ri
릭,rik
릮,rik
릯,riks
린,rin
릱,rinj
릲,rinh
릳,rit
릴,ril
릵,rilk
릶,rilm
릷,rilp
릸,rils
릹,rilt
릺,rilp
릻,rilh
림,rim
립,rip
릾,rips
릿,rit
맀,rit
링,ring
맂,rit
맃,rit
맄,rik
맅,rit
맆,rip
맇,rit
마,ma
막,mak
맊,mak
맋,maks
만,man
맍,manj
많,manh
맏,mat
말,mal
맑,malk
맒,malm
맓,malp
맔,mals
맕,malt
맖,malp
맗,malh
맘,mam
맙,map
맚,maps
맛,mat
맜,mat
망,mang
맞,mat
맟,mat
맠,mak
맡,mat
맢,map
맣,mat
매,mae
맥,maek
맦,maek
맧,maeks
맨,maen
맩,maenj
맪,maenh
맫,maet
맬,mael
맭,maelk
맮,maelm
맯,maelp
맰,maels
맱,maelt
맲,maelp
맳,maelh
맴,maem
맵,maep
맶,maeps
맷,maet
맸,maet
맹,maeng
맺,maet
맻,maet
맼,maek
맽,maet
맾,maep
맿,maet
먀,mya
먁,myak
먂,myak
먃,myaks
먄,myan
먅,myanj
먆,myanh
먇,myat
먈,myal
먉,myalk
먊,myalm
먋,myalp
먌,myals
먍,myalt
먎,myalp
먏,myalh
먐,myam
먑,myap
먒,myaps
먓,myat
먔,myat
먕,myang
먖,myat
먗,myat
먘,myak
먙,myat
먚,myap
먛,myat
먜,myae
먝,myaek
먞,myaek
먟,myaeks
먠,myaen
먡,myaenj
먢,myaenh
먣,myaet
먤,myael
먥,myaelk
먦,myaelm
먧,myaelp
먨,myaels
먩,myaelt
먪,myaelp
먫,myaelh
먬,myaem
먭,myaep
먮,myaeps
먯,myaet
먰,myaet
먱,myaeng
먲,myaet
먳,myaet
먴,myaek
먵,myaet
먶,myaep
먷,myaet
머,mŏ
먹,mŏk
먺,mŏk
먻,mŏks
먼,mŏn
먽,mŏnj
먾,mŏnh
먿,mŏt
멀,mŏl
멁,mŏlk
멂,mŏlm
멃,mŏlp
멄,mŏls
멅,mŏlt
멆,mŏlp
멇,mŏlh
멈,mŏm
멉,mŏp
멊,mŏps
멋,mŏt
멌,mŏt
멍,mŏng
멎,mŏt
멏,mŏt
멐,mŏk
멑,mŏt
멒,mŏp
멓,mŏt
메,me
멕,mek
멖,mek
멗,meks
멘,men
멙,menj
멚,menh
멛,met
멜,mel
멝,melk
멞,melm
멟,melp
멠,mels
멡,melt
멢,melp
멣,melh
멤,mem
멥,mep
멦,meps
멧,met
멨,met
멩,meng
멪,met
멫,met
멬,mek
멭,met
멮,mep
멯,met
며,myŏ
멱,myŏk
멲,myŏk
멳,myŏks
면,myŏn
멵,myŏnj
멶,myŏnh
멷,myŏt
멸,myŏl
멹,myŏlk
멺,myŏlm
멻,myŏlp
멼,myŏls
멽,myŏlt
멾,myŏlp
멿,myŏlh
몀,myŏm
몁,myŏp
몂,myŏps
몃,myŏt
몄,myŏt
명,myŏng
몆,myŏt
몇,myŏt
몈,myŏk
몉,myŏt
몊,myŏp
몋,myŏt
몌,mye
몍,myek
몎,myek
몏,myeks
몐,myen
몑,myenj
몒,myenh
몓,myet
몔,myel
몕,myelk
몖,myelm
몗,myelp
몘,myels
몙,myelt
몚,myelp
몛,myelh
몜,myem
몝,myep
몞,myeps
몟,myet
몠,myet
몡,myeng
몢,myet
몣,myet
몤,myek
몥,myet
몦,myep
몧,myet
모,mo
목,mok
몪,mok
몫,moks
몬,mon
몭,monj
몮,monh
몯,mot
몰,mol
몱,molk
몲,molm
몳,molp
몴,mols
몵,molt
몶,molp
몷,molh
몸,mom
몹,mop
몺,mops
못,mot
몼,mot
몽,mong
몾,mot
몿,mot
뫀,mok
뫁,mot
뫂,mop
뫃,mot
뫄,mwa
뫅,mwak
뫆,mwak
뫇,mwaks
뫈,mwan
뫉,mwanj
뫊,mwanh
뫋,mwat
뫌,mwal
뫍,mwalk
뫎,mwalm
뫏,mwalp
뫐,mwals
뫑,mwalt
뫒,mwalp
뫓,mwalh
뫔,mwam
뫕,mwap
뫖,mwaps
뫗,mwat
뫘,mwat
뫙,mwang
뫚,mwat
뫛,mwat
뫜,mwak
뫝,mwat
뫞,mwap
뫟,mwat
뫠,mwae
뫡,mwaek
뫢,mwaek
뫣,mwaeks
뫤,mwaen
뫥,mwaenj
뫦,mwaenh
뫧,mwaet
뫨,mwael
뫩,mwaelk
뫪,mwaelm
뫫,mwaelp
뫬,mwaels
뫭,mwaelt
뫮,mwaelp
뫯,mwaelh
뫰,mwaem
뫱,mwaep
뫲,mwaeps
뫳,mwaet
뫴,mwaet
뫵,mwaeng
뫶,mwaet
뫷,mwaet
뫸,mwaek
뫹,mwaet
뫺,mwaep
뫻,mwaet
뫼,moe
뫽,moek
뫾,moek
뫿,moeks
묀,moen
묁,moenj
묂,moenh
묃,moet
묄,moel
묅,moelk
묆,moelm
묇,moelp
묈,moels
묉,moelt
묊,moelp
묋,moelh
묌,moem
묍,moep
묎,moeps
묏,moet
묐,moet
묑,moeng
묒,moet
묓,moet
묔,moek
묕,moet
묖,moep
묗,moet
묘,myo
묙,myok
묚,myok
묛,myoks
묜,myon
묝,myonj
묞,myonh
묟,myot
묠,myol
묡,myolk
묢,myolm
묣,myolp
묤,myols
묥,myolt
묦,myolp
묧,myolh
묨,myom
묩,myop
묪,myops
묫,myot
묬,myot
묭,myong
묮,myot
묯,myot
묰,myok
묱,myot
묲,myop
묳,myot
무,mu
묵,muk
묶,muk
묷,muks
문,mun
묹,munj
묺,munh
묻,mut
물,mul
묽,mulk
묾,mulm
묿,mulp
뭀,muls
뭁,mult
뭂,mulp
뭃,mulh
뭄,mum
뭅,mup
뭆,mups
뭇,mut
뭈,mut
뭉,mung
뭊,mut
뭋,mut
뭌,muk
뭍,mut
뭎,mup
뭏,mut
뭐,mwŏ
뭑,mwŏk
뭒,mwŏk
뭓,mwŏks
뭔,mwŏn
뭕,mwŏnj
뭖,mwŏnh
뭗,mwŏt
뭘,mwŏl
뭙,mwŏlk
뭚,mwŏlm
뭛,mwŏlp
뭜,mwŏls
뭝,mwŏlt
뭞,mwŏlp
뭟,mwŏlh
뭠,mwŏm
뭡,mwŏp
뭢,mwŏps
뭣,mwŏt
뭤,mwŏt
뭥,mwŏng
뭦,mwŏt
뭧,mwŏt
뭨,mwŏk
뭩,mwŏt
뭪,mwŏp
뭫,mwŏt
뭬,mwe
뭭,mwek
뭮,mwek
뭯,mweks
뭰,mwen
뭱,mwenj
뭲,mwenh
뭳,mwet
뭴,mwel
뭵,mwelk
뭶,mwelm
뭷,mwelp
뭸,mwels
뭹,mwelt
뭺,mwelp
뭻,mwelh
뭼,mwem
뭽,mwep
뭾,mweps
뭿,mwet
뮀,mwet
뮁,mweng
뮂,mwet
뮃,mwet
뮄,mwek
뮅,mwet
뮆,mwep
뮇,mwet
뮈,mwi
뮉,mwik
뮊,mwik
뮋,mwiks
뮌,mwin
뮍,mwinj
뮎,mwinh
뮏,mwit
뮐,mwil
뮑,mwilk
뮒,mwilm
뮓,mwilp
뮔,mwils
뮕,mwilt
뮖,mwilp
뮗,mwilh
뮘,mwim
뮙,mwip
뮚,mwips
뮛,mwit
뮜,mwit
뮝,mwing
뮞,mwit
뮟,mwit
뮠,mwik
뮡,mwit
뮢,mwip
뮣,mwit
뮤,myu
뮥,myuk
뮦,myuk
뮧,myuks
뮨,myun
뮩,myunj
뮪,myunh
뮫,myut
뮬,myul
뮭,myulk
뮮,myulm
뮯,myulp
뮰,myuls
뮱,myult
뮲,myulp
뮳,myulh
뮴,myum
뮵,myup
뮶,myups
뮷,myut
뮸,myut
뮹,myung
뮺,myut
뮻,myut
뮼,myuk
뮽,myut
뮾,myup
뮿,myut
므,mŭ
믁,mŭk
믂,mŭk
믃,mŭks
믄,mŭn
믅,mŭnj
믆,mŭnh
믇,mŭt
믈,mŭl
믉,mŭlk
믊,mŭlm
믋,mŭlp
믌,mŭls
믍,mŭlt
믎,mŭlp
믏,mŭlh
믐,mŭm
믑,mŭp
믒,mŭps
믓,mŭt
믔,mŭt
믕,mŭng
믖,mŭt
믗,mŭt
믘,mŭk
믙,mŭt
믚,mŭp
믛,mŭt
믜,mŭi
믝,mŭik
믞,mŭik
믟,mŭiks
믠,mŭin
믡,mŭinj
믢,mŭinh
믣,mŭit
믤,mŭil
믥,mŭilk
믦,mŭilm
믧,mŭilp
믨,mŭils
믩,mŭilt
믪,mŭilp
믫,mŭilh
믬,mŭim
믭,mŭip
믮,mŭips
믯,mŭit
믰,mŭit
믱,mŭing
믲,mŭit
믳,mŭit
믴,mŭik
믵,mŭit
믶,mŭip
믷,mŭit
미,mi
믹,mik
믺,mik
믻,miks
민,min
믽,minj
믾,minh
믿,mit
밀,mil
밁,milk
밂,milm
밃,milp
밄,mils
밅,milt
밆,milp
밇,milh
밈,mim
밉,mip
밊,mips
밋,mit
밌,mit
밍,ming
밎,mit
및,mit
밐,mik
밑,mit
밒,mip
밓,mit
바,pa
박,pak
밖,pak
밗,paks
반,pan
밙,panj
밚,panh
받,pat
발,pal
밝,palk
밞,palm
밟,palp
밠,pals
밡,palt
밢,palp
밣,palh
밤,pam
밥,pap
밦,paps
밧,pat
밨,pat
방,pang
밪,pat
밫,pat
밬,pak
밭,pat
밮,pap
밯,pat
배,pae
백,paek
밲,paek
밳,paeks
밴,paen
밵,paenj
밶,paenh
밷,paet
밸,pael
밹,paelk
밺,paelm
밻,paelp
밼,paels
밽,paelt
밾,paelp
밿,paelh
뱀,paem
뱁,paep
뱂,paeps
뱃,paet
뱄,paet
뱅,paeng
뱆,paet
뱇,paet
뱈,paek
뱉,paet
뱊,paep
뱋,paet
뱌,pya
뱍,pyak
뱎,pyak
뱏,pyaks
뱐,pyan
뱑,pyanj
뱒,pyanh
뱓,pyat
뱔,pyal
뱕,pyalk
뱖,pyalm
뱗,pyalp
뱘,pyals
뱙,pyalt
뱚,pyalp
뱛,pyalh
뱜,pyam
뱝,pyap
뱞,pyaps
뱟,pyat
뱠,pyat
뱡,pyang
뱢,pyat
뱣,pyat
뱤,pyak
뱥,pyat
뱦,pyap
뱧,pyat
뱨,pyae
뱩,pyaek
뱪,pyaek
뱫,pyaeks
뱬,pyaen
뱭,pyaenj
뱮,pyaenh
뱯,pyaet
뱰,pyael
뱱,pyaelk
뱲,pyaelm
뱳,pyaelp
뱴,pyaels
뱵,pyaelt
뱶,pyaelp
뱷,pyaelh
뱸,pyaem
뱹,pyaep
뱺,pyaeps
뱻,pyaet
뱼,pyaet
뱽,pyaeng
뱾,pyaet
뱿,pyaet
벀,pyaek
벁,pyaet
벂,pyaep
벃,pyaet
버,pŏ
벅,pŏk
벆,pŏk
벇,pŏks
번,pŏn
벉,pŏnj
벊,pŏnh
벋,pŏt
벌,pŏl
벍,pŏlk
벎,pŏlm
벏,pŏlp
벐,pŏls
벑,pŏlt
벒,pŏlp
벓,pŏlh
범,pŏm
법,pŏp
벖,pŏps
벗,pŏt
벘,pŏt
벙,pŏng
벚,pŏt
벛,pŏt
벜,pŏk
벝,pŏt
벞,pŏp
벟,pŏt
베,pe
벡,pek
벢,pek
벣,peks
벤,pen
벥,penj
벦,penh
벧,pet
벨,pel
벩,pelk
벪,pelm
벫,pelp
벬,pels
벭,pelt
벮,pelp
벯,pelh
벰,pem
벱,pep
벲,peps
벳,pet
벴,pet
벵,peng
벶,pet
벷,pet
벸,pek
벹,pet
벺,pep
벻,pet
벼,pyŏ
벽,pyŏk
벾,pyŏk
벿,pyŏks
변,pyŏn
볁,pyŏnj
볂,pyŏnh
볃,pyŏt
별,pyŏl
볅,pyŏlk
볆,pyŏlm
볇,pyŏlp
볈,pyŏls
볉,pyŏlt
볊,pyŏlp
볋,pyŏlh
볌,pyŏm
볍,pyŏp
볎,pyŏps
볏,pyŏt
볐,pyŏt
병,pyŏng
볒,pyŏt
볓,pyŏt
볔,pyŏk
볕,pyŏt
볖,pyŏp
볗,pyŏt
볘,pye
볙,pyek
볚,pyek
볛,pyeks
볜,pyen
볝,pyenj
볞,pyenh
볟,pyet
볠,pyel
볡,pyelk
볢,pyelm
볣,pyelp
볤,pyels
볥,pyelt
볦,pyelp
볧,pyelh
볨,pyem
볩,pyep
볪,pyeps
볫,pyet
볬,pyet
볭,pyeng
볮,pyet
볯,pyet
볰,pyek
볱,pyet
볲,pyep
볳,pyet
보,po
복,pok
볶,pok
볷,poks
본,pon
볹,ponj
볺,ponh
볻,pot
볼,pol
볽,polk
볾,polm
볿,polp
봀,pols
봁,polt
봂,polp
봃,polh
봄,pom
봅,pop
봆,pops
봇,pot
봈,pot
봉,pong
봊,pot
봋,pot
봌,pok
봍,pot
봎,pop
봏,pot
봐,pwa
봑,pwak
봒,pwak
봓,pwaks
봔,pwan
봕,pwanj
봖,pwanh
봗,pwat
봘,pwal
봙,pwalk
봚,pwalm
봛,pwalp
봜,pwals
봝,pwalt
봞,pwalp
봟,pwalh
봠,pwam
봡,pwap
봢,pwaps
봣,pwat
봤,pwat
봥,pwang
봦,pwat
봧,pwat
봨,pwak
봩,pwat
봪,pwap
봫,pwat
봬,pwae
봭,pwaek
봮,pwaek
봯,pwaeks
봰,pwaen
봱,pwaenj
봲,pwaenh
봳,pwaet
봴,pwael
봵,pwaelk
봶,pwaelm
봷,pwaelp
봸,pwaels
봹,pwaelt
봺,pwaelp
봻,pwaelh
봼,pwaem
봽,pwaep
봾,pwaeps
봿,pwaet
뵀,pwaet
뵁,pwaeng
뵂,pwaet
뵃,pwaet
뵄,pwaek
뵅,pwaet
뵆,pwaep
뵇,pwaet
뵈,poe
뵉,poek
뵊,poek
뵋,poeks
뵌,poen
뵍,poenj
뵎,poenh
뵏,poet
뵐,poel
뵑,poelk
뵒,poelm
뵓,poelp
뵔,poels
뵕,poelt
뵖,poelp
뵗,poelh
뵘,poem
뵙,poep
뵚,poeps
뵛,poet
뵜,poet
뵝,poeng
뵞,poet
뵟,poet
뵠,poek
뵡,poet
뵢,poep
뵣,poet
뵤,pyo
뵥,pyok
뵦,pyok
뵧,pyoks
뵨,pyon
뵩,pyonj
뵪,pyonh
뵫,pyot
뵬,pyol
뵭,pyolk
뵮,pyolm
뵯,pyolp
뵰,pyols
뵱,pyolt
뵲,pyolp
뵳,pyolh
뵴,pyom
뵵,pyop
뵶,pyops
뵷,pyot
뵸,pyot
뵹,pyong
뵺,pyot
뵻,pyot
뵼,pyok
뵽,pyot
뵾,pyop
뵿,pyot
부,pu
북,puk
붂,puk
붃,puks
분,pun
붅,punj
붆,punh
붇,put
불,pul
붉,pulk
붊,pulm
붋,pulp
붌,puls
붍,pult
붎,pulp
붏,pulh
붐,pum
붑,pup
붒,pups
붓,put
붔,put
붕,pung
붖,put
붗,put
붘,puk
붙,put
붚,pup
붛,put
붜,pwŏ
붝,pwŏk
붞,pwŏk
붟,pwŏks
붠,pwŏn
붡,pwŏnj
붢,pwŏnh
붣,pwŏt
붤,pwŏl
붥,pwŏlk
붦,pwŏlm
붧,pwŏlp
붨,pwŏls
붩,pwŏlt
붪,pwŏlp
붫,pwŏlh
붬,pwŏm
붭,pwŏp
붮,pwŏps
붯,pwŏt
붰,pwŏt
붱,pwŏng
붲,pwŏt
붳,pwŏt
붴,pwŏk
붵,pwŏt
붶,pwŏp
붷,pwŏt
붸,pwe
붹,pwek
붺,pwek
붻,pweks
붼,pwen
붽,pwenj
붾,pwenh
붿,pwet
뷀,pwel
뷁,pwelk
뷂,pwelm
뷃,pwelp
뷄,pwels
뷅,pwelt
뷆,pwelp
뷇,pwelh
뷈,pwem
뷉,pwep
뷊,pweps
뷋,pwet
뷌,pwet
뷍,pweng
뷎,pwet
뷏,pwet
뷐,pwek
뷑,pwet
뷒,pwep
뷓,pwet
뷔,pwi
뷕,pwik
뷖,pwik
뷗,pwiks
뷘,pwin
뷙,pwinj
뷚,pwinh
뷛,pwit
뷜,pwil
뷝,pwilk
뷞,pwilm
뷟,pwilp
뷠,pwils
뷡,pwilt
뷢,pwilp
뷣,pwilh
뷤,pwim
뷥,pwip
뷦,pwips
뷧,pwit
뷨,pwit
뷩,pwing
뷪,pwit
뷫,pwit
뷬,pwik
뷭,pwit
뷮,pwip
뷯,pwit
뷰,pyu
뷱,pyuk
뷲,pyuk
뷳,pyuks
뷴,pyun
뷵,pyunj
뷶,pyunh
뷷,pyut
뷸,pyul
뷹,pyulk
뷺,pyulm
뷻,pyulp
뷼,pyuls
뷽,pyult
뷾,pyulp
뷿,pyulh
븀,pyum
븁,pyup
븂,pyups
븃,pyut
븄,pyut
븅,pyung
븆,pyut
븇,pyut
븈,pyuk
븉,pyut
븊,pyup
븋,pyut
브,pŭ
븍,pŭk
븎,pŭk
븏,pŭks
븐,pŭn
븑,pŭnj
븒,pŭnh
븓,pŭt
블,pŭl
븕,pŭlk
븖,pŭlm
븗,pŭlp
븘,pŭls
븙,pŭlt
븚,pŭlp
븛,pŭlh
븜,pŭm
븝,pŭp
븞,pŭps
븟,pŭt
븠,pŭt
븡,pŭng
븢,pŭt
븣,pŭt
븤,pŭk
븥,pŭt
븦,pŭp
븧,pŭt
븨,pŭi
븩,pŭik
븪,pŭik
븫,pŭiks
븬,pŭin
븭,pŭinj
븮,pŭinh
븯,pŭit
븰,pŭil
븱,pŭilk
븲,pŭilm
븳,pŭilp
븴,pŭils
븵,pŭilt
븶,pŭilp
븷,pŭilh
븸,pŭim
븹,pŭip
븺,pŭips
븻,pŭit
븼,pŭit
븽,pŭing
븾,pŭit
븿,pŭit
빀,pŭik
빁,pŭit
빂,pŭip
빃,pŭit
비,pi
빅,pik
빆,pik
빇,piks
빈,pin
빉,pinj
빊,pinh
빋,pit
빌,pil
빍,pilk
빎,pilm
빏,pilp
빐,pils
빑,pilt
빒,pilp
빓,pilh
빔,pim
빕,pip
빖,pips
빗,pit
빘,pit
빙,ping
빚,pit
빛,pit
빜,pik
빝,pit
빞,pip
빟,pit
빠,ppa
빡,ppak
빢,ppak
빣,ppaks
빤,ppan
빥,ppanj
빦,ppanh
빧,ppat
빨,ppal
빩,ppalk
빪,ppalm
빫,ppalp
빬,ppals
빭,ppalt
빮,ppalp
빯,ppalh
빰,ppam
빱,ppap
빲,ppaps
빳,ppat
빴,ppat
빵,ppang
빶,ppat
빷,ppat
빸,ppak
빹,ppat
빺,ppap
빻,ppat
빼,ppae
빽,ppaek
빾,ppaek
빿,ppaeks
뺀,ppaen
뺁,ppaenj
뺂,ppaenh
뺃,ppaet
뺄,ppael
뺅,ppaelk
뺆,ppaelm
뺇,ppaelp
뺈,ppaels
뺉,ppaelt
뺊,ppaelp
뺋,ppaelh
뺌,ppaem
뺍,ppaep
뺎,ppaeps
뺏,ppaet
뺐,ppaet
뺑,ppaeng
뺒,ppaet
뺓,ppaet
뺔,ppaek
뺕,ppaet
뺖,ppaep
뺗,ppaet
뺘,ppya
뺙,ppyak
뺚,ppyak
뺛,ppyaks
뺜,ppyan
뺝,ppyanj
뺞,ppyanh
뺟,ppyat
뺠,ppyal
뺡,ppyalk
뺢,ppyalm
뺣,ppyalp
뺤,ppyals
뺥,ppyalt
뺦,ppyalp
뺧,ppyalh
뺨,ppyam
뺩,ppyap
뺪,ppyaps
뺫,ppyat
뺬,ppyat
뺭,ppyang
뺮,ppyat
뺯,ppyat
뺰,ppyak
뺱,ppyat
뺲,ppyap
뺳,ppyat
뺴,ppyae
뺵,ppyaek
뺶,ppyaek
뺷,ppyaeks
뺸,ppyaen
뺹,ppyaenj
뺺,ppyaenh
뺻,ppyaet
뺼,ppyael
뺽,ppyaelk
뺾,ppyaelm
뺿,ppyaelp
뻀,ppyaels
뻁,ppyaelt
뻂,ppyaelp
뻃,ppyaelh
뻄,ppyaem
뻅,ppyaep
뻆,ppyaeps
뻇,ppyaet
뻈,ppyaet
뻉,ppyaeng
뻊,ppyaet
뻋,ppyaet
뻌,ppyaek
뻍,ppyaet
뻎,ppyaep
뻏,ppyaet
뻐,ppŏ
뻑,ppŏk
뻒,ppŏk
뻓,ppŏks
뻔,ppŏn
뻕,ppŏnj
뻖,ppŏnh
뻗,ppŏt
뻘,ppŏl
뻙,ppŏlk
뻚,ppŏlm
뻛,ppŏlp
뻜,ppŏls
뻝,ppŏlt
뻞,ppŏlp
뻟,ppŏlh
뻠,ppŏm
뻡,ppŏp
뻢,ppŏps
뻣,ppŏt
뻤,ppŏt
뻥,ppŏng
뻦,ppŏt
뻧,ppŏt
뻨,ppŏk
뻩,ppŏt
뻪,ppŏp
뻫,ppŏt
뻬,ppe
뻭,ppek
뻮,ppek
뻯,ppeks
뻰,ppen
뻱,ppenj
뻲,ppenh
뻳,ppet
뻴,ppel
뻵,ppelk
뻶,ppelm
뻷,ppelp
뻸,ppels
뻹,ppelt
뻺,ppelp
뻻,ppelh
뻼,ppem
뻽,ppep
뻾,ppeps
뻿,ppet
뼀,ppet
뼁,ppeng
뼂,ppet
뼃,ppet
뼄,ppek
뼅,ppet
뼆,ppep
뼇,ppet
뼈,ppyŏ
뼉,ppyŏk
뼊,ppyŏk
뼋,ppyŏks
뼌,ppyŏn
뼍,ppyŏnj
뼎,ppyŏnh
뼏,ppyŏt
뼐,ppyŏl
뼑,ppyŏlk
뼒,ppyŏlm
뼓,ppyŏlp
뼔,ppyŏls
뼕,ppyŏlt
뼖,ppyŏlp
뼗,ppyŏlh
뼘,ppyŏm
뼙,ppyŏp
뼚,ppyŏps
뼛,ppyŏt
뼜,ppyŏt
뼝,ppyŏng
뼞,ppyŏt
뼟,ppyŏt
뼠,ppyŏk
뼡,ppyŏt
뼢,ppyŏp
뼣,ppyŏt
뼤,ppye
뼥,ppyek
뼦,ppyek
뼧,ppyeks
뼨,ppyen
뼩,ppyenj
뼪,ppyenh
뼫,ppyet
뼬,ppyel
뼭,ppyelk
뼮,ppyelm
뼯,ppyelp
뼰,ppyels
뼱,ppyelt
뼲,ppyelp
뼳,ppyelh
뼴,ppyem
뼵,ppyep
뼶,ppyeps
뼷,ppyet
뼸,ppyet
뼹,ppyeng
뼺,ppyet
뼻,ppyet
뼼,ppyek
뼽,ppyet
뼾,ppyep
뼿,ppyet
뽀,ppo
뽁,ppok
뽂,ppok
뽃,ppoks
뽄,ppon
뽅,pponj
뽆,pponh
뽇,ppot
뽈,ppol
뽉,ppolk
뽊,ppolm
뽋,ppolp
뽌,ppols
뽍,ppolt
뽎,ppolp
뽏,ppolh
뽐,ppom
뽑,ppop
뽒,ppops
뽓,ppot
뽔,ppot
뽕,ppong
뽖,ppot
뽗,ppot
뽘,ppok
뽙,ppot
뽚,ppop
뽛,ppot
뽜,ppwa
뽝,ppwak
뽞,ppwak
뽟,ppwaks
뽠,ppwan
뽡,ppwanj
뽢,ppwanh
뽣,ppwat
뽤,ppwal
뽥,ppwalk
뽦,ppwalm
뽧,ppwalp
뽨,ppwals
뽩,ppwalt
뽪,ppwalp
뽫,ppwalh
뽬,ppwam
뽭,ppwap
뽮,ppwaps
뽯,ppwat
뽰,ppwat
뽱,ppwang
뽲,ppwat
뽳,ppwat
뽴,ppwak
뽵,ppwat
뽶,ppwap
뽷,ppwat
뽸,ppwae
뽹,ppwaek
뽺,ppwaek
뽻,ppwaeks
뽼,ppwaen
뽽,ppwaenj
뽾,ppwaenh
뽿,ppwaet
뾀,ppwael
뾁,ppwaelk
뾂,ppwaelm
뾃,ppwaelp
뾄,ppwaels
뾅,ppwaelt
뾆,ppwaelp
뾇,ppwaelh
뾈,ppwaem
뾉,ppwaep
뾊,ppwaeps
뾋,ppwaet
뾌,ppwaet
뾍,ppwaeng
뾎,ppwaet
뾏,ppwaet
뾐,ppwaek
뾑,ppwaet
뾒,ppwaep
뾓,ppwaet
뾔,ppoe
뾕,ppoek
뾖,ppoek
뾗,ppoeks
뾘,ppoen
뾙,ppoenj
뾚,ppoenh
뾛,ppoet
뾜,ppoel
뾝,ppoelk
뾞,ppoelm
뾟,ppoelp
뾠,ppoels
뾡,ppoelt
뾢,ppoelp
뾣,ppoelh
뾤,ppoem
뾥,ppoep
뾦,ppoeps
뾧,ppoet
뾨,ppoet
뾩,ppoeng
뾪,ppoet
뾫,ppoet
뾬,ppoek
뾭,ppoet
뾮,ppoep
뾯,ppoet
뾰,ppyo
뾱,ppyok
뾲,ppyok
뾳,ppyoks
뾴,ppyon
뾵,ppyonj
뾶,ppyonh
뾷,ppyot
뾸,ppyol
뾹,ppyolk
뾺,ppyolm
뾻,ppyolp
뾼,ppyols
뾽,ppyolt
뾾,ppyolp
뾿,ppyolh
뿀,ppyom
뿁,ppyop
뿂,ppyops
뿃,ppyot
뿄,ppyot
뿅,ppyong
뿆,ppyot
뿇,ppyot
뿈,ppyok
뿉,ppyot
뿊,ppyop
뿋,ppyot
뿌,ppu
뿍,ppuk
뿎,ppuk
뿏,ppuks
뿐,ppun
뿑,ppunj
뿒,ppunh
뿓,pput
뿔,ppul
뿕,ppulk
뿖,ppulm
뿗,ppulp
뿘,ppuls
뿙,ppult
뿚,ppulp
뿛,ppulh
뿜,ppum
뿝,ppup
뿞,ppups
뿟,pput
뿠,pput
뿡,ppung
뿢,pput
뿣,pput
뿤,ppuk
뿥,pput
뿦,ppup
뿧,pput
뿨,ppwŏ
뿩,ppwŏk
뿪,ppwŏk
뿫,ppwŏks
뿬,ppwŏn
뿭,ppwŏnj
뿮,ppwŏnh
뿯,ppwŏt
뿰,ppwŏl
뿱,ppwŏlk
뿲,ppwŏlm
뿳,ppwŏlp
뿴,ppwŏls
뿵,ppwŏlt
뿶,ppwŏlp
뿷,ppwŏlh
뿸,ppwŏm
뿹,ppwŏp
뿺,ppwŏps
뿻,ppwŏt
뿼,ppwŏt
뿽,ppwŏng
뿾,ppwŏt
뿿,ppwŏt
쀀,ppwŏk
쀁,ppwŏt
쀂,ppwŏp
쀃,ppwŏt
쀄,ppwe
쀅,ppwek
쀆,ppwek
쀇,ppweks
쀈,ppwen
쀉,ppwenj
쀊,ppwenh
쀋,ppwet
쀌,ppwel
쀍,ppwelk
쀎,ppwelm
쀏,ppwelp
쀐,ppwels
쀑,ppwelt
쀒,ppwelp
쀓,ppwelh
쀔,ppwem
쀕,ppwep
쀖,ppweps
쀗,ppwet
쀘,ppwet
쀙,ppweng
쀚,ppwet
쀛,ppwet
쀜,ppwek
쀝,ppwet
쀞,ppwep
쀟,ppwet
쀠,ppwi
쀡,ppwik
쀢,ppwik
쀣,ppwiks
쀤,ppwin
쀥,ppwinj
쀦,ppwinh
쀧,ppwit
쀨,ppwil
쀩,ppwilk
쀪,ppwilm
쀫,ppwilp
쀬,ppwils
쀭,ppwilt
쀮,ppwilp
쀯,ppwilh
쀰,ppwim
쀱,ppwip
쀲,ppwips
쀳,ppwit
쀴,ppwit
쀵,ppwing
쀶,ppwit
쀷,ppwit
쀸,ppwik
쀹,ppwit
쀺,ppwip
쀻,ppwit
쀼,ppyu
쀽,ppyuk
쀾,ppyuk
쀿,ppyuks
쁀,ppyun
쁁,ppyunj
쁂,ppyunh
쁃,ppyut
쁄,ppyul
쁅,ppyulk
쁆,ppyulm
쁇,ppyulp
쁈,ppyuls
쁉,ppyult
쁊,ppyulp
쁋,ppyulh
쁌,ppyum
쁍,ppyup
쁎,ppyups
쁏,ppyut
쁐,ppyut
쁑,ppyung
쁒,ppyut
쁓,ppyut
쁔,ppyuk
쁕,ppyut
쁖,ppyup
쁗,ppyut
쁘,ppŭ
쁙,ppŭk
쁚,ppŭk
쁛,ppŭks
쁜,ppŭn
쁝,ppŭnj
쁞,ppŭnh
쁟,ppŭt
쁠,ppŭl
쁡,ppŭlk
쁢,ppŭlm
쁣,ppŭlp
쁤,ppŭls
쁥,ppŭlt
쁦,ppŭlp
쁧,ppŭlh
쁨,ppŭm
쁩,ppŭp
쁪,ppŭps
쁫,ppŭt
쁬,ppŭt
쁭,ppŭng
쁮,ppŭt
쁯,ppŭt
쁰,ppŭk
쁱,ppŭt
쁲,ppŭp
쁳,ppŭt
쁴,ppŭi
쁵,ppŭik
쁶,ppŭik
쁷,ppŭiks
쁸,ppŭin
쁹,ppŭinj
쁺,ppŭinh
쁻,ppŭit
쁼,ppŭil
쁽,ppŭilk
쁾,ppŭilm
쁿,ppŭilp
삀,ppŭils
삁,ppŭilt
삂,ppŭilp
삃,ppŭilh
삄,ppŭim
삅,ppŭip
삆,ppŭips
삇,ppŭit
삈,ppŭit
삉,ppŭing
삊,ppŭit
삋,ppŭit
삌,ppŭik
삍,ppŭit
삎,ppŭip
삏,ppŭit
삐,ppi
삑,ppik
삒,ppik
삓,ppiks
삔,ppin
삕,ppinj
삖,ppinh
삗,ppit
삘,ppil
삙,ppilk
삚,ppilm
삛,ppilp
삜,ppils
삝,ppilt
삞,ppilp
삟,ppilh
삠,ppim
삡,ppip
삢,ppips
삣,ppit
삤,ppit
삥,pping
삦,ppit
삧,ppit
삨,ppik
삩,ppit
삪,ppip
삫,ppit
사,sa
삭,sak
삮,sak
삯,saks
산,san
삱,sanj
삲,sanh
삳,sat
살,sal
삵,salk
삶,salm
삷,salp
삸,sals
삹,salt
삺,salp
삻,salh
삼,sam
삽,sap
삾,saps
삿,sat
샀,sat
상,sang
샂,sat
샃,sat
샄,sak
샅,sat
샆,sap
샇,sat
새,sae
색,saek
샊,saek
샋,saeks
샌,saen
샍,saenj
샎,saenh
샏,saet
샐,sael
샑,saelk
샒,saelm
샓,saelp
샔,saels
샕,saelt
샖,saelp
샗,saelh
샘,saem
샙,saep
샚,saeps
샛,saet
샜,saet
생,saeng
샞,saet
샟,saet
샠,saek
샡,saet
샢,saep
샣,saet
샤,sya
샥,syak
샦,syak
샧,syaks
샨,syan
샩,syanj
샪,syanh
샫,syat
샬,syal
샭,syalk
샮,syalm
샯,syalp
샰,syals
샱,syalt
샲,syalp
샳,syalh
샴,syam
샵,syap
샶,syaps
샷,syat
샸,syat
샹,syang
샺,syat
샻,syat
샼,syak
샽,syat
샾,syap
샿,syat
섀,syae
섁,syaek
섂,syaek
섃,syaeks
섄,syaen
섅,syaenj
섆,syaenh
섇,syaet
섈,syael
섉,syaelk
섊,syaelm
섋,syaelp
섌,syaels
섍,syaelt
섎,syaelp
섏,syaelh
섐,syaem
섑,syaep
섒,syaeps
섓,syaet
섔,syaet
섕,syaeng
섖,syaet
섗,syaet
섘,syaek
섙,syaet
섚,syaep
섛,syaet
서,sŏ
석,sŏk
섞,sŏk
섟,sŏks
선,sŏn
섡,sŏnj
섢,sŏnh
섣,sŏt
설,sŏl
섥,sŏlk
섦,sŏlm
섧,sŏlp
섨,sŏls
섩,sŏlt
섪,sŏlp
섫,sŏlh
섬,sŏm
섭,sŏp
섮,sŏps
섯,sŏt
섰,sŏt
성,sŏng
섲,sŏt
섳,sŏt
섴,sŏk
섵,sŏt
섶,sŏp
섷,sŏt
세,se
섹,sek
섺,sek
섻,seks
센,sen
섽,senj
섾,senh
섿,set
셀,sel
셁,selk
셂,selm
셃,selp
셄,sels
셅,selt
셆,selp
셇,selh
셈,sem
셉,sep
셊,seps
셋,set
셌,set
셍,seng
셎,set
셏,set
셐,sek
셑,set
셒,sep
셓,set
셔,syŏ
셕,syŏk
셖,syŏk
셗,syŏks
션,syŏn
셙,syŏnj
셚,syŏnh
셛,syŏt
셜,syŏl
셝,syŏlk
셞,syŏlm
셟,syŏlp
셠,syŏls
셡,syŏlt
셢,syŏlp
셣,syŏlh
셤,syŏm
셥,syŏp
셦,syŏps
셧,syŏt
셨,syŏt
셩,syŏng
셪,syŏt
셫,syŏt
셬,syŏk
셭,syŏt
셮,syŏp
셯,syŏt
셰,sye
셱,syek
셲,syek
셳,syeks
셴,syen
셵,syenj
셶,syenh
셷,syet
셸,syel
셹,syelk
셺,syelm
셻,syelp
셼,syels
셽,syelt
셾,syelp
셿,syelh
솀,syem
솁,syep
솂,syeps
솃,syet
솄,syet
솅,syeng
솆,syet
솇,syet
솈,syek
솉,syet
솊,syep
솋,syet
소,so
속,sok
솎,sok
솏,soks
손,son
솑,sonj
솒,sonh
솓,sot
솔,sol
솕,solk
솖,solm
솗,solp
솘,sols
솙,solt
솚,solp
솛,solh
솜,som
솝,sop
솞,sops
솟,sot
솠,sot
송,song
솢,sot
솣,sot
솤,sok
솥,sot
솦,sop
솧,sot
솨,swa
솩,swak
솪,swak
솫,swaks
솬,swan
솭,swanj
솮,swanh
솯,swat
솰,swal
솱,swalk
솲,swalm
솳,swalp
솴,swals
솵,swalt
솶,swalp
솷,swalh
솸,swam
솹,swap
솺,swaps
솻,swat
솼,swat
솽,swang
솾,swat
솿,swat
쇀,swak
쇁,swat
쇂,swap
쇃,swat
쇄,swae
쇅,swaek
쇆,swaek
쇇,swaeks
쇈,swaen
쇉,swaenj
쇊,swaenh
쇋,swaet
쇌,swael
쇍,swaelk
쇎,swaelm
쇏,swaelp
쇐,swaels
쇑,swaelt
쇒,swaelp
쇓,swaelh
쇔,swaem
쇕,swaep
쇖,swaeps
쇗,swaet
쇘,swaet
쇙,swaeng
쇚,swaet
쇛,swaet
쇜,swaek
쇝,swaet
쇞,swaep
쇟,swaet
쇠,soe
쇡,soek
쇢,soek
쇣,soeks
쇤,soen
쇥,soenj
쇦,soenh
쇧,soet
쇨,soel
쇩,soelk
쇪,soelm
쇫,soelp
쇬,soels
쇭,soelt
쇮,soelp
쇯,soelh
쇰,soem
쇱,soep
쇲,soeps
쇳,soet
쇴,soet
쇵,soeng
쇶,soet
쇷,soet
쇸,soek
쇹,soet
쇺,soep
쇻,soet
쇼,syo
쇽,syok
쇾,syok
쇿,syoks
숀,syon
숁,syonj
숂,syonh
숃,syot
숄,syol
숅,syolk
숆,syolm
숇,syolp
숈,syols
숉,syolt
숊,syolp
숋,syolh
숌,syom
숍,syop
숎,syops
숏,syot
숐,syot
숑,syong
숒,syot
숓,syot
숔,syok
숕,syot
숖,syop
숗,syot
수,su
숙,suk
숚,suk
숛,suks
순,sun
숝,sunj
숞,sunh
숟,sut
술,sul
숡,sulk
숢,sulm
숣,sulp
숤,suls
숥,sult
숦,sulp
숧,sulh
숨,sum
숩,sup
숪,sups
숫,sut
숬,sut
숭,sung
숮,sut
숯,sut
숰,suk
숱,sut
숲,sup
숳,sut
숴,swŏ
숵,swŏk
숶,swŏk
숷,swŏks
숸,swŏn
숹,swŏnj
숺,swŏnh
숻,swŏt
숼,swŏl
숽,swŏlk
숾,swŏlm
숿,swŏlp
쉀,swŏls
쉁,swŏlt
쉂,swŏlp
쉃,swŏlh
쉄,swŏm
쉅,swŏp
쉆,swŏps
쉇,swŏt
쉈,swŏt
쉉,swŏng
쉊,swŏt
쉋,swŏt
쉌,swŏk
쉍,swŏt
쉎,swŏp
쉏,swŏt
쉐,swe
쉑,swek
쉒,swek
쉓,sweks
쉔,swen
쉕,swenj
쉖,swenh
쉗,swet
쉘,swel
쉙,swelk
쉚,swelm
쉛,swelp
쉜,swels
쉝,swelt
쉞,swelp
쉟,swelh
쉠,swem
쉡,swep
쉢,sweps
쉣,swet
쉤,swet
쉥,sweng
쉦,swet
쉧,swet
쉨,swek
쉩,swet
쉪,swep
쉫,swet
쉬,swi
쉭,swik
쉮,swik
쉯,swiks
쉰,swin
쉱,swinj
쉲,swinh
쉳,swit
쉴,swil
쉵,swilk
쉶,swilm
쉷,swilp
쉸,swils
쉹,swilt
쉺,swilp
쉻,swilh
쉼,swim
쉽,swip
쉾,swips
쉿,swit
슀,swit
슁,swing
슂,swit
슃,swit
슄,swik
슅,swit
슆,swip
슇,swit
슈,syu
슉,syuk
슊,syuk
슋,syuks
슌,syun
슍,syunj
슎,syunh
슏,syut
슐,syul
슑,syulk
슒,syulm
슓,syulp
슔,syuls
슕,syult
슖,syulp
슗,syulh
슘,syum
슙,syup
슚,syups
슛,syut
슜,syut
슝,syung
슞,syut
슟,syut
슠,syuk
슡,syut
슢,syup
슣,syut
스,sŭ
슥,sŭk
슦,sŭk
슧,sŭks
슨,sŭn
슩,sŭnj
슪,sŭnh
슫,sŭt
슬,sŭl
슭,sŭlk
슮,sŭlm
슯,sŭlp
슰,sŭls
슱,sŭlt
슲,sŭlp
슳,sŭlh
슴,sŭm
습,sŭp
슶,sŭps
슷,sŭt
슸,sŭt
승,sŭng
슺,sŭt
슻,sŭt
슼,sŭk
슽,sŭt
슾,sŭp
슿,sŭt
싀,sŭi
싁,sŭik
싂,sŭik
싃,sŭiks
싄,sŭin
싅,sŭinj
싆,sŭinh
싇,sŭit
싈,sŭil
싉,sŭilk
싊,sŭilm
싋,sŭilp
싌,sŭils
싍,sŭilt
싎,sŭilp
싏,sŭilh
싐,sŭim
싑,sŭip
싒,sŭips
싓,sŭit
싔,sŭit
싕,sŭing
싖,sŭit
싗,sŭit
싘,sŭik
싙,sŭit
싚,sŭip
싛,sŭit
시,si
식,sik
싞,sik
싟,siks
신,sin
싡,sinj
싢,sinh
싣,sit
실,sil
싥,silk
싦,silm
싧,silp
싨,sils
싩,silt
싪,silp
싫,silh
심,sim
십,sip
싮,sips
싯,sit
싰,sit
싱,sing
싲,sit
싳,sit
싴,sik
싵,sit
싶,sip
싷,sit
싸,ssa
싹,ssak
싺,ssak
싻,ssaks
싼,ssan
싽,ssanj
싾,ssanh
싿,ssat
쌀,ssal
쌁,ssalk
쌂,ssalm
쌃,ssalp
쌄,ssals
쌅,ssalt
쌆,ssalp
쌇,ssalh
쌈,ssam
쌉,ssap
쌊,ssaps
쌋,ssat
쌌,ssat
쌍,ssang
쌎,ssat
쌏,ssat
쌐,ssak
쌑,ssat
쌒,ssap
쌓,ssat
쌔,ssae
쌕,ssaek
쌖,ssaek
쌗,ssaeks
쌘,ssaen
쌙,ssaenj
쌚,ssaenh
쌛,ssaet
쌜,ssael
쌝,ssaelk
쌞,ssaelm
쌟,ssaelp
쌠,ssaels
쌡,ssaelt
쌢,ssaelp
쌣,ssaelh
쌤,ssaem
쌥,ssaep
쌦,ssaeps
쌧,ssaet
쌨,ssaet
쌩,ssaeng
쌪,ssaet
쌫,ssaet
쌬,ssaek
쌭,ssaet
쌮,ssaep
쌯,ssaet
쌰,ssya
쌱,ssyak
쌲,ssyak
쌳,ssyaks
쌴,ssyan
쌵,ssyanj
쌶,ssyanh
쌷,ssyat
쌸,ssyal
쌹,ssyalk
쌺,ssyalm
쌻,ssyalp
쌼,ssyals
쌽,ssyalt
쌾,ssyalp
쌿,ssyalh
썀,ssyam
썁,ssyap
썂,ssyaps
썃,ssyat
썄,ssyat
썅,ssyang
썆,ssyat
썇,ssyat
썈,ssyak
썉,ssyat
썊,ssyap
썋,ssyat
썌,ssyae
썍,ssyaek
썎,ssyaek
썏,ssyaeks
썐,ssyaen
썑,ssyaenj
썒,ssyaenh
썓,ssyaet
썔,ssyael
썕,ssyaelk
썖,ssyaelm
썗,ssyaelp
썘,ssyaels
썙,ssyaelt
썚,ssyaelp
썛,ssyaelh
썜,ssyaem
썝,ssyaep
썞,ssyaeps
썟,ssyaet
썠,ssyaet
썡,ssyaeng
썢,ssyaet
썣,ssyaet
썤,ssyaek
썥,ssyaet
썦,ssyaep
썧,ssyaet
써,ssŏ
썩,ssŏk
썪,ssŏk
썫,ssŏks
썬,ssŏn
썭,ssŏnj
썮,ssŏnh
썯,ssŏt
썰,ssŏl
썱,ssŏlk
썲,ssŏlm
썳,ssŏlp
썴,ssŏls
썵,ssŏlt
썶,ssŏlp
썷,ssŏlh
썸,ssŏm
썹,ssŏp
썺,ssŏps
썻,ssŏt
썼,ssŏt
썽,ssŏng
썾,ssŏt
썿,ssŏt
쎀,ssŏk
쎁,ssŏt
쎂,ssŏp
쎃,ssŏt
쎄,sse
쎅,ssek
쎆,ssek
쎇,sseks
쎈,ssen
쎉,ssenj
쎊,ssenh
쎋,sset
쎌,ssel
쎍,sselk
쎎,sselm
쎏,sselp
쎐,ssels
쎑,sselt
쎒,sselp
쎓,sselh
쎔,ssem
쎕,ssep
쎖,sseps
쎗,sset
쎘,sset
쎙,sseng
쎚,sset
쎛,sset
쎜,ssek
쎝,sset
쎞,ssep
쎟,sset
쎠,ssyŏ
쎡,ssyŏk
쎢,ssyŏk
쎣,ssyŏks
쎤,ssyŏn
쎥,ssyŏnj
쎦,ssyŏnh
쎧,ssyŏt
쎨,ssyŏl
쎩,ssyŏlk
쎪,ssyŏlm
쎫,ssyŏlp
쎬,ssyŏls
쎭,ssyŏlt
쎮,ssyŏlp
쎯,ssyŏlh
쎰,ssyŏm
쎱,ssyŏp
쎲,ssyŏps
쎳,ssyŏt
쎴,ssyŏt
쎵,ssyŏng
쎶,ssyŏt
쎷,ssyŏt
쎸,ssyŏk
쎹,ssyŏt
쎺,ssyŏp
쎻,ssyŏt
쎼,ssye
쎽,ssyek
쎾,ssyek
쎿,ssyeks
쏀,ssyen
쏁,ssyenj
쏂,ssyenh
쏃,ssyet
쏄,ssyel
쏅,ssyelk
쏆,ssyelm
쏇,ssyelp
쏈,ssyels
쏉,ssyelt
쏊,ssyelp
쏋,ssyelh
쏌,ssyem
쏍,ssyep
쏎,ssyeps
쏏,ssyet
쏐,ssyet
쏑,ssyeng
쏒,ssyet
쏓,ssyet
쏔,ssyek
쏕,ssyet
쏖,ssyep
쏗,ssyet
쏘,sso
쏙,ssok
쏚,ssok
쏛,ssoks
쏜,sson
쏝,ssonj
쏞,ssonh
쏟,ssot
쏠,ssol
쏡,ssolk
쏢,ssolm
쏣,ssolp
쏤,ssols
쏥,ssolt
쏦,ssolp
쏧,ssolh
쏨,ssom
쏩,ssop
쏪,ssops
쏫,ssot
쏬,ssot
쏭,ssong
쏮,ssot
쏯,ssot
쏰,ssok
쏱,ssot
쏲,ssop
쏳,ssot
쏴,sswa
쏵,sswak
쏶,sswak
쏷,sswaks
쏸,sswan
쏹,sswanj
쏺,sswanh
쏻,sswat
쏼,sswal
쏽,sswalk
쏾,sswalm
쏿,sswalp
쐀,sswals
쐁,sswalt
쐂,sswalp
쐃,sswalh
쐄,sswam
쐅,sswap
쐆,sswaps
쐇,sswat
쐈,sswat
쐉,sswang
쐊,sswat
쐋,sswat
쐌,sswak
쐍,sswat
쐎,sswap
쐏,sswat
쐐,sswae
쐑,sswaek
쐒,sswaek
쐓,sswaeks
쐔,sswaen
쐕,sswaenj
쐖,sswaenh
쐗,sswaet
쐘,sswael
쐙,sswaelk
쐚,sswaelm
쐛,sswaelp
쐜,sswaels
쐝,sswaelt
쐞,sswaelp
쐟,sswaelh
쐠,sswaem
쐡,sswaep
쐢,sswaeps
쐣,sswaet
쐤,sswaet
쐥,sswaeng
쐦,sswaet
쐧,sswaet
쐨,sswaek
쐩,sswaet
쐪,sswaep
쐫,sswaet
쐬,ssoe
쐭,ssoek
쐮,ssoek
쐯,ssoeks
쐰,ssoen
쐱,ssoenj
쐲,ssoenh
쐳,ssoet
쐴,ssoel
쐵,ssoelk
쐶,ssoelm
쐷,ssoelp
쐸,ssoels
쐹,ssoelt
쐺,ssoelp
쐻,ssoelh
쐼,ssoem
쐽,ssoep
쐾,ssoeps
쐿,ssoet
쑀,ssoet
쑁,ssoeng
쑂,ssoet
쑃,ssoet
쑄,ssoek
쑅,ssoet
쑆,ssoep
쑇,ssoet
쑈,ssyo
쑉,ssyok
쑊,ssyok
쑋,ssyoks
쑌,ssyon
쑍,ssyonj
쑎,ssyonh
쑏,ssyot
쑐,ssyol
쑑,ssyolk
쑒,ssyolm
쑓,ssyolp
쑔,ssyols
쑕,ssyolt
쑖,ssyolp
쑗,ssyolh
쑘,ssyom
쑙,ssyop
쑚,ssyops
쑛,ssyot
쑜,ssyot
쑝,ssyong
쑞,ssyot
쑟,ssyot
쑠,ssyok
쑡,ssyot
쑢,ssyop
쑣,ssyot
쑤,ssu
쑥,ssuk
쑦,ssuk
쑧,ssuks
쑨,ssun
쑩,ssunj
쑪,ssunh
쑫,ssut
쑬,ssul
쑭,ssulk
쑮,ssulm
쑯,ssulp
쑰,ssuls
쑱,ssult
쑲,ssulp
쑳,ssulh
쑴,ssum
쑵,ssup
쑶,ssups
쑷,ssut
쑸,ssut
쑹,ssung
쑺,ssut
쑻,ssut
쑼,ssuk
쑽,ssut
쑾,ssup
쑿,ssut
쒀,sswŏ
쒁,sswŏk
쒂,sswŏk
쒃,sswŏks
쒄,sswŏn
쒅,sswŏnj
쒆,sswŏnh
쒇,sswŏt
쒈,sswŏl
쒉,sswŏlk
쒊,sswŏlm
쒋,sswŏlp
쒌,sswŏls
쒍,sswŏlt
쒎,sswŏlp
쒏,sswŏlh
쒐,sswŏm
쒑,sswŏp
쒒,sswŏps
쒓,sswŏt
쒔,sswŏt
쒕,sswŏng
쒖,sswŏt
쒗,sswŏt
쒘,sswŏk
쒙,sswŏt
쒚,sswŏp
쒛,sswŏt
쒜,sswe
쒝,sswek
쒞,sswek
쒟,ssweks
쒠,sswen
쒡,sswenj
쒢,sswenh
쒣,sswet
쒤,sswel
쒥,sswelk
쒦,sswelm
쒧,sswelp
쒨,sswels
쒩,sswelt
쒪,sswelp
쒫,sswelh
쒬,sswem
쒭,sswep
쒮,ssweps
쒯,sswet
쒰,sswet
쒱,ssweng
쒲,sswet
쒳,sswet
쒴,sswek
쒵,sswet
쒶,sswep
쒷,sswet
쒸,sswi
쒹,sswik
쒺,sswik
쒻,sswiks
쒼,sswin
쒽,sswinj
쒾,sswinh
쒿,sswit
쓀,sswil
쓁,sswilk
쓂,sswilm
쓃,sswilp
쓄,sswils
쓅,sswilt
쓆,sswilp
쓇,sswilh
쓈,sswim
쓉,sswip
쓊,sswips
쓋,sswit
쓌,sswit
쓍,sswing
쓎,sswit
쓏,sswit
쓐,sswik
쓑,sswit
쓒,sswip
쓓,sswit
쓔,ssyu
쓕,ssyuk
쓖,ssyuk
쓗,ssyuks
쓘,ssyun
쓙,ssyunj
쓚,ssyunh
쓛,ssyut
쓜,ssyul
쓝,ssyulk
쓞,ssyulm
쓟,ssyulp
쓠,ssyuls
쓡,ssyult
쓢,ssyulp
쓣,ssyulh
쓤,ssyum
쓥,ssyup
쓦,ssyups
쓧,ssyut
쓨,ssyut
쓩,ssyung
쓪,ssyut
쓫,ssyut
쓬,ssyuk
쓭,ssyut
쓮,ssyup
쓯,ssyut
쓰,ssŭ
쓱,ssŭk
쓲,ssŭk
쓳,ssŭks
쓴,ssŭn
쓵,ssŭnj
쓶,ssŭnh
쓷,ssŭt
쓸,ssŭl
쓹,ssŭlk
쓺,ssŭlm
쓻,ssŭlp
쓼,ssŭls
쓽,ssŭlt
쓾,ssŭlp
쓿,ssŭlh
씀,ssŭm
씁,ssŭp
씂,ssŭps
씃,ssŭt
씄,ssŭt
씅,ssŭng
씆,ssŭt
씇,ssŭt
씈,ssŭk
씉,ssŭt
씊,ssŭp
씋,ssŭt
씌,ssŭi
씍,ssŭik
씎,ssŭik
씏,ssŭiks
씐,ssŭin
씑,ssŭinj
씒,ssŭinh
씓,ssŭit
씔,ssŭil
씕,ssŭilk
씖,ssŭilm
씗,ssŭilp
씘,ssŭils
씙,ssŭilt
씚,ssŭilp
씛,ssŭilh
씜,ssŭim
씝,ssŭip
씞,ssŭips
씟,ssŭit
씠,ssŭit
씡,ssŭing
씢,ssŭit
씣,ssŭit
씤,ssŭik
씥,ssŭit
씦,ssŭip
씧,ssŭit
씨,ssi
씩,ssik
씪,ssik
씫,ssiks
씬,ssin
씭,ssinj
씮,ssinh
씯,ssit
씰,ssil
씱,ssilk
씲,ssilm
씳,ssilp
씴,ssils
씵,ssilt
씶,ssilp
씷,ssilh
씸,ssim
씹,ssip
씺,ssips
씻,ssit
씼,ssit
씽,ssing
씾,ssit
씿,ssit
앀,ssik
앁,ssit
앂,ssip
앃,ssit
아,a
악,ak
앆,ak
앇,aks
안,an
앉,anj
않,anh
앋,at
알,al
앍,alk
앎,alm
앏,alp
앐,als
앑,alt
앒,alp
앓,alh
암,am
압,ap
앖,aps
앗,at
았,at
앙,ang
앚,at
앛,at
앜,ak
앝,at
앞,ap
앟,at
애,ae
액,aek
앢,aek
앣,aeks
앤,aen
앥,aenj
앦,aenh
앧,aet
앨,ael
앩,aelk
앪,aelm
앫,aelp
앬,aels
앭,aelt
앮,aelp
앯,aelh
앰,aem
앱,aep
앲,aeps
앳,aet
앴,aet
앵,aeng
앶,aet
앷,aet
앸,aek
앹,aet
앺,aep
앻,aet
야,ya
약,yak
앾,yak
앿,yaks
얀,yan
얁,yanj
얂,yanh
얃,yat
얄,yal
얅,yalk
얆,yalm
얇,yalp
얈,yals
얉,yalt
얊,yalp
얋,yalh
얌,yam
얍,yap
얎,yaps
얏,yat
얐,yat
양,yang
얒,yat
얓,yat
얔,yak
얕,yat
얖,yap
얗,yat
얘,yae
얙,yaek
얚,yaek
얛,yaeks
얜,yaen
얝,yaenj
얞,yaenh
얟,yaet
얠,yael
얡,yaelk
얢,yaelm
얣,yaelp
얤,yaels
얥,yaelt
얦,yaelp
얧,yaelh
얨,yaem
얩,yaep
얪,yaeps
얫,yaet
얬,yaet
얭,yaeng
얮,yaet
얯,yaet
얰,yaek
얱,yaet
얲,yaep
얳,yaet
어,ŏ
억,ŏk
얶,ŏk
얷,ŏks
언,ŏn
얹,ŏnj
얺,ŏnh
얻,ŏt
얼,ŏl
얽,ŏlk
얾,ŏlm
얿,ŏlp
엀,ŏls
엁,ŏlt
엂,ŏlp
엃,ŏlh
엄,ŏm
업,ŏp
없,ŏps
엇,ŏt
었,ŏt
엉,ŏng
엊,ŏt
엋,ŏt
엌,ŏk
엍,ŏt
엎,ŏp
엏,ŏt
에,e
엑,ek
엒,ek
엓,eks
엔,en
엕,enj
엖,enh
엗,et
엘,el
엙,elk
엚,elm
엛,elp
엜,els
엝,elt
엞,elp
엟,elh
엠,em
엡,ep
엢,eps
엣,et
엤,et
엥,eng
엦,et
엧,et
엨,ek
엩,et
엪,ep
엫,et
여,yŏ
역,yŏk
엮,yŏk
엯,yŏks
연,yŏn
엱,yŏnj
엲,yŏnh
엳,yŏt
열,yŏl
엵,yŏlk
엶,yŏlm
엷,yŏlp
엸,yŏls
엹,yŏlt
엺,yŏlp
엻,yŏlh
염,yŏm
엽,yŏp
엾,yŏps
엿,yŏt
였,yŏt
영,yŏng
옂,yŏt
옃,yŏt
옄,yŏk
옅,yŏt
옆,yŏp
옇,yŏt
예,ye
옉,yek
옊,yek
옋,yeks
옌,yen
옍,yenj
옎,yenh
옏,yet
옐,yel
옑,yelk
옒,yelm
옓,yelp
옔,yels
옕,yelt
옖,yelp
옗,yelh
옘,yem
옙,yep
옚,yeps
옛,yet
옜,yet
옝,yeng
옞,yet
옟,yet
옠,yek
옡,yet
옢,yep
옣,yet
오,o
옥,ok
옦,ok
옧,oks
온,on
옩,onj
옪,onh
옫,ot
올,ol
옭,olk
옮,olm
옯,olp
옰,ols
옱,olt
옲,olp
옳,olh
옴,om
옵,op
옶,ops
옷,ot
옸,ot
옹,ong
옺,ot
옻,ot
옼,ok
옽,ot
옾,op
옿,ot
와,wa
왁,wak
왂,wak
왃,waks
완,wan
왅,wanj
왆,wanh
왇,wat
왈,wal
왉,walk
왊,walm
왋,walp
왌,wals
왍,walt
왎,walp
왏,walh
왐,wam
왑,wap
왒,waps
왓,wat
왔,wat
왕,wang
왖,wat
왗,wat
왘,wak
왙,wat
왚,wap
왛,wat
왜,wae
왝,waek
왞,waek
왟,waeks
왠,waen
왡,waenj
왢,waenh
왣,waet
왤,wael
왥,waelk
왦,waelm
왧,waelp
왨,waels
왩,waelt
왪,waelp
왫,waelh
왬,waem
왭,waep
왮,waeps
왯,waet
왰,waet
왱,waeng
왲,waet
왳,waet
왴,waek
왵,waet
왶,waep
왷,waet
외,oe
왹,oek
왺,oek
왻,oeks
왼,oen
왽,oenj
왾,oenh
왿,oet
욀,oel
욁,oelk
욂,oelm
욃,oelp
욄,oels
욅,oelt
욆,oelp
욇,oelh
욈,oem
욉,oep
욊,oeps
욋,oet
욌,oet
욍,oeng
욎,oet
욏,oet
욐,oek
욑,oet
욒,oep
욓,oet
요,yo
욕,yok
욖,yok
욗,yoks
욘,yon
욙,yonj
욚,yonh
욛,yot
욜,yol
욝,yolk
욞,yolm
욟,yolp
욠,yols
욡,yolt
욢,yolp
욣,yolh
욤,yom
욥,yop
욦,yops
욧,yot
욨,yot
용,yong
욪,yot
욫,yot
욬,yok
욭,yot
욮,yop
욯,yot
우,u
욱,uk
욲,uk
욳,uks
운,un
욵,unj
욶,unh
욷,ut
울,ul
욹,ulk
욺,ulm
욻,ulp
욼,uls
욽,ult
욾,ulp
욿,ulh
움,um
웁,up
웂,ups
웃,ut
웄,ut
웅,ung
웆,ut
웇,ut
웈,uk
웉,ut
웊,up
웋,ut
워,wŏ
웍,wŏk
웎,wŏk
웏,wŏks
원,wŏn
웑,wŏnj
웒,wŏnh
웓,wŏt
월,wŏl
웕,wŏlk
웖,wŏlm
웗,wŏlp
웘,wŏls
웙,wŏlt
웚,wŏlp
웛,wŏlh
웜,wŏm
웝,wŏp
웞,wŏps
웟,wŏt
웠,wŏt
웡,wŏng
웢,wŏt
웣,wŏt
웤,wŏk
웥,wŏt
웦,wŏp
웧,wŏt
웨,we
웩,wek
웪,wek
웫,weks
웬,wen
웭,wenj
웮,wenh
웯,wet
웰,wel
웱,welk
웲,welm
웳,welp
웴,wels
웵,welt
웶,welp
웷,welh
웸,wem
웹,wep
웺,weps
웻,wet
웼,wet
웽,weng
웾,wet
웿,wet
윀,wek
윁,wet
윂,wep
윃,wet
위,wi
윅,wik
윆,wik
윇,wiks
윈,win
윉,winj
윊,winh
윋,wit
윌,wil
윍,wilk
윎,wilm
윏,wilp
윐,wils
윑,wilt
윒,wilp
윓,wilh
윔,wim
윕,wip
윖,wips
윗,wit
윘,wit
윙,wing
윚,wit
윛,wit
윜,wik
윝,wit
윞,wip
윟,wit
유,yu
육,yuk
윢,yuk
윣,yuks
윤,yun
윥,yunj
윦,yunh
윧,yut
율,yul
윩,yulk
윪,yulm
윫,yulp
윬,yuls
윭,yult
윮,yulp
윯,yulh
윰,yum
윱,yup
윲,yups
윳,yut
윴,yut
융,yung
윶,yut
윷,yut
윸,yuk
윹,yut
윺,yup
윻,yut
으,ŭ
윽,ŭk
윾,ŭk
윿,ŭks
은,ŭn
읁,ŭnj
읂,ŭnh
읃,ŭt
을,ŭl
읅,ŭlk
읆,ŭlm
읇,ŭlp
읈,ŭls
읉,ŭlt
읊,ŭlp
읋,ŭlh
음,ŭm
읍,ŭp
읎,ŭps
읏,ŭt
읐,ŭt
응,ŭng
읒,ŭt
읓,ŭt
읔,ŭk
읕,ŭt
읖,ŭp
읗,ŭt
의,ŭi
읙,ŭik
읚,ŭik
읛,ŭiks
읜,ŭin
읝,ŭinj
읞,ŭinh
읟,ŭit
읠,ŭil
읡,ŭilk
읢,ŭilm
읣,ŭilp
읤,ŭils
읥,ŭilt
읦,ŭilp
읧,ŭilh
읨,ŭim
읩,ŭip
읪,ŭips
읫,ŭit
읬,ŭit
읭,ŭing
읮,ŭit
읯,ŭit
읰,ŭik
읱,ŭit
읲,ŭip
읳,ŭit
이,i
익,ik
읶,ik
읷,iks
인,in
읹,inj
읺,inh
읻,it
일,il
읽,ilk
읾,ilm
읿,ilp
잀,ils
잁,ilt
잂,ilp
잃,ilh
임,im
입,ip
잆,ips
잇,it
있,it
잉,ing
잊,it
잋,it
잌,ik
잍,it
잎,ip
잏,it
자,cha
작,chak
잒,chak
잓,chaks
잔,chan
잕,chanj
잖,chanh
잗,chat
잘,chal
잙,chalk
잚,chalm
잛,chalp
잜,chals
잝,chalt
잞,chalp
잟,chalh
잠,cham
잡,chap
잢,chaps
잣,chat
잤,chat
장,chang
잦,chat
잧,chat
잨,chak
잩,chat
잪,chap
잫,chat
재,chae
잭,chaek
잮,chaek
잯,chaeks
잰,chaen
잱,chaenj
잲,chaenh
잳,chaet
잴,chael
잵,chaelk
잶,chaelm
잷,chaelp
잸,chaels
잹,chaelt
잺,chaelp
잻,chaelh
잼,chaem
잽,chaep
잾,chaeps
잿,chaet
쟀,chaet
쟁,chaeng
쟂,chaet
쟃,chaet
쟄,chaek
쟅,chaet
쟆,chaep
쟇,chaet
쟈,chya
쟉,chyak
쟊,chyak
쟋,chyaks
쟌,chyan
쟍,chyanj
쟎,chyanh
쟏,chyat
쟐,chyal
쟑,chyalk
쟒,chyalm
쟓,chyalp
쟔,chyals
쟕,chyalt
쟖,chyalp
쟗,chyalh
쟘,chyam
쟙,chyap
쟚,chyaps
쟛,chyat
쟜,chyat
쟝,chyang
쟞,chyat
쟟,chyat
쟠,chyak
쟡,chyat
쟢,chyap
쟣,chyat
쟤,chyae
쟥,chyaek
쟦,chyaek
쟧,chyaeks
쟨,chyaen
쟩,chyaenj
쟪,chyaenh
쟫,chyaet
쟬,chyael
쟭,chyaelk
쟮,chyaelm
쟯,chyaelp
쟰,chyaels
쟱,chyaelt
쟲,chyaelp
쟳,chyaelh
쟴,chyaem
쟵,chyaep
쟶,chyaeps
쟷,chyaet
쟸,chyaet
쟹,chyaeng
쟺,chyaet
쟻,chyaet
쟼,chyaek
쟽,chyaet
쟾,chyaep
쟿,chyaet
저,chŏ
적,chŏk
젂,chŏk
젃,chŏks
전,chŏn
젅,chŏnj
젆,chŏnh
젇,chŏt
절,chŏl
젉,chŏlk
젊,chŏlm
젋,chŏlp
젌,chŏls
젍,chŏlt
젎,chŏlp
젏,chŏlh
점,chŏm
접,chŏp
젒,chŏps
젓,chŏt
젔,chŏt
정,chŏng
젖,chŏt
젗,chŏt
젘,chŏk
젙,chŏt
젚,chŏp
젛,chŏt
제,che
젝,chek
젞,chek
젟,cheks
젠,chen
젡,chenj
젢,chenh
젣,chet
젤,chel
젥,chelk
젦,chelm
젧,chelp
젨,chels
젩,chelt
젪,chelp
젫,chelh
젬,chem
젭,chep
젮,cheps
젯,chet
젰,chet
젱,cheng
젲,chet
젳,chet
젴,chek
젵,chet
젶,chep
젷,chet
져,chyŏ
젹,chyŏk
젺,chyŏk
젻,chyŏks
젼,chyŏn
젽,chyŏnj
젾,chyŏnh
젿,chyŏt
졀,chyŏl
졁,chyŏlk
졂,chyŏlm
졃,chyŏlp
졄,chyŏls
졅,chyŏlt
졆,chyŏlp
졇,chyŏlh
졈,chyŏm
졉,chyŏp
졊,chyŏps
졋,chyŏt
졌,chyŏt
졍,chyŏng
졎,chyŏt
졏,chyŏt
졐,chyŏk
졑,chyŏt
졒,chyŏp
졓,chyŏt
졔,chye
졕,chyek
졖,chyek
졗,chyeks
졘,chyen
졙,chyenj
졚,chyenh
졛,chyet
졜,chyel
졝,chyelk
졞,chyelm
졟,chyelp
졠,chyels
졡,chyelt
졢,chyelp
졣,chyelh
졤,chyem
졥,chyep
졦,chyeps
졧,chyet
졨,chyet
졩,chyeng
졪,chyet
졫,chyet
졬,chyek
졭,chyet
졮,chyep
졯,chyet
조,cho
족,chok
졲,chok
졳,choks
존,chon
졵,chonj
졶,chonh
졷,chot
졸,chol
졹,cholk
졺,cholm
졻,cholp
졼,chols
졽,cholt
졾,cholp
졿,cholh
좀,chom
좁,chop
좂,chops
좃,chot
좄,chot
종,chong
좆,chot
좇,chot
좈,chok
좉,chot
좊,chop
좋,chot
좌,chwa
좍,chwak
좎,chwak
좏,chwaks
좐,chwan
좑,chwanj
좒,chwanh
좓,chwat
좔,chwal
좕,chwalk
좖,chwalm
좗,chwalp
좘,chwals
좙,chwalt
좚,chwalp
좛,chwalh
좜,chwam
좝,chwap
좞,chwaps
좟,chwat
좠,chwat
좡,chwang
좢,chwat
좣,chwat
좤,chwak
좥,chwat
좦,chwap
좧,chwat
좨,chwae
좩,chwaek
좪,chwaek
좫,chwaeks
좬,chwaen
좭,chwaenj
좮,chwaenh
좯,chwaet
좰,chwael
좱,chwaelk
좲,chwaelm
좳,chwaelp
좴,chwaels
좵,chwaelt
좶,chwaelp
좷,chwaelh
좸,chwaem
좹,chwaep
좺,chwaeps
좻,chwaet
좼,chwaet
좽,chwaeng
좾,chwaet
좿,chwaet
죀,chwaek
죁,chwaet
죂,chwaep
죃,chwaet
죄,choe
죅,choek
죆,choek
죇,choeks
죈,choen
죉,choenj
죊,choenh
죋,choet
죌,choel
죍,choelk
죎,choelm
죏,choelp
죐,choels
죑,choelt
죒,choelp
죓,choelh
죔,choem
죕,choep
죖,choeps
죗,choet
죘,choet
죙,choeng
죚,choet
죛,choet
죜,choek
죝,choet
죞,choep
죟,choet
죠,chyo
죡,chyok
죢,chyok
죣,chyoks
죤,chyon
죥,chyonj
죦,chyonh
죧,chyot
죨,chyol
죩,chyolk
죪,chyolm
죫,chyolp
죬,chyols
죭,chyolt
죮,chyolp
죯,chyolh
죰,chyom
죱,chyop
죲,chyops
죳,chyot
죴,chyot
죵,chyong
죶,chyot
죷,chyot
죸,chyok
죹,chyot
죺,chyop
죻,chyot
주,chu
죽,chuk
죾,chuk
죿,chuks
준,chun
줁,chunj
줂,chunh
줃,chut
줄,chul
줅,chulk
줆,chulm
줇,chulp
줈,chuls
줉,chult
줊,chulp
줋,chulh
줌,chum
줍,chup
줎,chups
줏,chut
줐,chut
중,chung
줒,chut
줓,chut
줔,chuk
줕,chut
줖,chup
줗,chut
줘,chwŏ
줙,chwŏk
줚,chwŏk
줛,chwŏks
줜,chwŏn
줝,chwŏnj
줞,chwŏnh
줟,chwŏt
줠,chwŏl
줡,chwŏlk
줢,chwŏlm
줣,chwŏlp
줤,chwŏls
줥,chwŏlt
줦,chwŏlp
줧,chwŏlh
줨,chwŏm
줩,chwŏp
줪,chwŏps
줫,chwŏt
줬,chwŏt
줭,chwŏng
줮,chwŏt
줯,chwŏt
줰,chwŏk
줱,chwŏt
줲,chwŏp
줳,chwŏt
줴,chwe
줵,chwek
줶,chwek
줷,chweks
줸,chwen
줹,chwenj
줺,chwenh
줻,chwet
줼,chwel
줽,chwelk
줾,chwelm
줿,chwelp
쥀,chwels
쥁,chwelt
쥂,chwelp
쥃,chwelh
쥄,chwem
쥅,chwep
쥆,chweps
쥇,chwet
쥈,chwet
쥉,chweng
쥊,chwet
쥋,chwet
쥌,chwek
쥍,chwet
쥎,chwep
쥏,chwet
쥐,chwi
쥑,chwik
쥒,chwik
쥓,chwiks
쥔,chwin
쥕,chwinj
쥖,chwinh
쥗,chwit
쥘,chwil
쥙,chwilk
쥚,chwilm
쥛,chwilp
쥜,chwils
쥝,chwilt
쥞,chwilp
쥟,chwilh
쥠,chwim
쥡,chwip
쥢,chwips
쥣,chwit
쥤,chwit
쥥,chwing
쥦,chwit
쥧,chwit
쥨,chwik
쥩,chwit
쥪,chwip
쥫,chwit
쥬,chyu
쥭,chyuk
쥮,chyuk
쥯,chyuks
쥰,chyun
쥱,chyunj
쥲,chyunh
쥳,chyut
쥴,chyul
쥵,chyulk
쥶,chyulm
쥷,chyulp
쥸,chyuls
쥹,chyult
쥺,chyulp
쥻,chyulh
쥼,chyum
쥽,chyup
쥾,chyups
쥿,chyut
즀,chyut
즁,chyung
즂,chyut
즃,chyut
즄,chyuk
즅,chyut
즆,chyup
즇,chyut
즈,chŭ
즉,chŭk
즊,chŭk
즋,chŭks
즌,chŭn
즍,chŭnj
즎,chŭnh
즏,chŭt
즐,chŭl
즑,chŭlk
즒,chŭlm
즓,chŭlp
즔,chŭls
즕,chŭlt
즖,chŭlp
즗,chŭlh
즘,chŭm
즙,chŭp
즚,chŭps
즛,chŭt
즜,chŭt
증,chŭng
즞,chŭt
즟,chŭt
즠,chŭk
즡,chŭt
즢,chŭp
즣,chŭt
즤,chŭi
즥,chŭik
즦,chŭik
즧,chŭiks
즨,chŭin
즩,chŭinj
즪,chŭinh
즫,chŭit
즬,chŭil
즭,chŭilk
즮,chŭilm
즯,chŭilp
즰,chŭils
즱,chŭilt
즲,chŭilp
즳,chŭilh
즴,chŭim
즵,chŭip
즶,chŭips
즷,chŭit
즸,chŭit
즹,chŭing
즺,chŭit
즻,chŭit
즼,chŭik
즽,chŭit
즾,chŭip
즿,chŭit
지,chi
직,chik
짂,chik
짃,chiks
진,chin
짅,chinj
짆,chinh
짇,chit
질,chil
짉,chilk
짊,chilm
짋,chilp
짌,chils
짍,chilt
짎,chilp
짏,chilh
짐,chim
집,chip
짒,chips
짓,chit
짔,chit
징,ching
짖,chit
짗,chit
짘,chik
짙,chit
짚,chip
짛,chit
짜,tcha
짝,tchak
짞,tchak
짟,tchaks
짠,tchan
짡,tchanj
짢,tchanh
짣,tchat
짤,tchal
짥,tchalk
짦,tchalm
짧,tchalp
짨,tchals
짩,tchalt
짪,tchalp
짫,tchalh
짬,tcham
짭,tchap
짮,tchaps
짯,tchat
짰,tchat
짱,tchang
짲,tchat
짳,tchat
짴,tchak
짵,tchat
짶,tchap
짷,tchat
째,tchae
짹,tchaek
짺,tchaek
짻,tchaeks
짼,tchaen
짽,tchaenj
짾,tchaenh
짿,tchaet
쨀,tchael
쨁,tchaelk
쨂,tchaelm
쨃,tchaelp
쨄,tchaels
쨅,tchaelt
쨆,tchaelp
쨇,tchaelh
쨈,tchaem
쨉,tchaep
쨊,tchaeps
쨋,tchaet
쨌,tchaet
쨍,tchaeng
쨎,tchaet
쨏,tchaet
쨐,tchaek
쨑,tchaet
쨒,tchaep
쨓,tchaet
쨔,tchya
쨕,tchyak
쨖,tchyak
쨗,tchyaks
쨘,tchyan
쨙,tchyanj
쨚,tchyanh
쨛,tchyat
쨜,tchyal
쨝,tchyalk
쨞,tchyalm
쨟,tchyalp
쨠,tchyals
쨡,tchyalt
쨢,tchyalp
쨣,tchyalh
쨤,tchyam
쨥,tchyap
쨦,tchyaps
쨧,tchyat
쨨,tchyat
쨩,tchyang
쨪,tchyat
쨫,tchyat
쨬,tchyak
쨭,tchyat
쨮,tchyap
쨯,tchyat
쨰,tchyae
쨱,tchyaek
쨲,tchyaek
쨳,tchyaeks
쨴,tchyaen
쨵,tchyaenj
쨶,tchyaenh
쨷,tchyaet
쨸,tchyael
쨹,tchyaelk
쨺,tchyaelm
쨻,tchyaelp
쨼,tchyaels
쨽,tchyaelt
쨾,tchyaelp
쨿,tchyaelh
쩀,tchyaem
쩁,tchyaep
쩂,tchyaeps
쩃,tchyaet
쩄,tchyaet
쩅,tchyaeng
쩆,tchyaet
쩇,tchyaet
쩈,tchyaek
쩉,tchyaet
쩊,tchyaep
쩋,tchyaet
쩌,tchŏ
쩍,tchŏk
쩎,tchŏk
쩏,tchŏks
쩐,tchŏn
쩑,tchŏnj
쩒,tchŏnh
쩓,tchŏt
쩔,tchŏl
쩕,tchŏlk
쩖,tchŏlm
쩗,tchŏlp
쩘,tchŏls
쩙,tchŏlt
쩚,tchŏlp
쩛,tchŏlh
쩜,tchŏm
쩝,tchŏp
쩞,tchŏps
쩟,tchŏt
쩠,tchŏt
쩡,tchŏng
쩢,tchŏt
쩣,tchŏt
쩤,tchŏk
쩥,tchŏt
쩦,tchŏp
쩧,tchŏt
쩨,tche
쩩,tchek
쩪,tchek
쩫,tcheks
쩬,tchen
쩭,tchenj
쩮,tchenh
쩯,tchet
쩰,tchel
쩱,tchelk
쩲,tchelm
쩳,tchelp
쩴,tchels
쩵,tchelt
쩶,tchelp
쩷,tchelh
쩸,tchem
쩹,tchep
쩺,tcheps
쩻,tchet
쩼,tchet
쩽,tcheng
쩾,tchet
쩿,tchet
쪀,tchek
쪁,tchet
쪂,tchep
쪃,tchet
쪄,tchyŏ
쪅,tchyŏk
쪆,tchyŏk
쪇,tchyŏks
쪈,tchyŏn
쪉,tchyŏnj
쪊,tchyŏnh
쪋,tchyŏt
쪌,tchyŏl
쪍,tchyŏlk
쪎,tchyŏlm
쪏,tchyŏlp
쪐,tchyŏls
쪑,tchyŏlt
쪒,tchyŏlp
쪓,tchyŏlh
쪔,tchyŏm
쪕,tchyŏp
쪖,tchyŏps
쪗,tchyŏt
쪘,tchyŏt
쪙,tchyŏng
쪚,tchyŏt
쪛,tchyŏt
쪜,tchyŏk
쪝,tchyŏt
쪞,tchyŏp
쪟,tchyŏt
쪠,tchye
쪡,tchyek
쪢,tchyek
쪣,tchyeks
쪤,tchyen
쪥,tchyenj
쪦,tchyenh
쪧,tchyet
쪨,tchyel
쪩,tchyelk
쪪,tchyelm
쪫,tchyelp
쪬,tchyels
쪭,tchyelt
쪮,tchyelp
쪯,tchyelh
쪰,tchyem
쪱,tchyep
쪲,tchyeps
쪳,tchyet
쪴,tchyet
쪵,tchyeng
쪶,tchyet
쪷,tchyet
쪸,tchyek
쪹,tchyet
쪺,tchyep
쪻,tchyet
쪼,tcho
쪽,tchok
쪾,tchok
쪿,tchoks
쫀,tchon
쫁,tchonj
쫂,tchonh
쫃,tchot
쫄,tchol
쫅,tcholk
쫆,tcholm
쫇,tcholp
쫈,tchols
쫉,tcholt
쫊,tcholp
쫋,tcholh
쫌,tchom
쫍,tchop
쫎,tchops
쫏,tchot
쫐,tchot
쫑,tchong
쫒,tchot
쫓,tchot
쫔,tchok
쫕,tchot
쫖,tchop
쫗,tchot
쫘,tchwa
쫙,tchwak
쫚,tchwak
쫛,tchwaks
쫜,tchwan
쫝,tchwanj
쫞,tchwanh
쫟,tchwat
쫠,tchwal
쫡,tchwalk
쫢,tchwalm
쫣,tchwalp
쫤,tchwals
쫥,tchwalt
쫦,tchwalp
쫧,tchwalh
쫨,tchwam
쫩,tchwap
쫪,tchwaps
쫫,tchwat
쫬,tchwat
쫭,tchwang
쫮,tchwat
쫯,tchwat
쫰,tchwak
쫱,tchwat
쫲,tchwap
쫳,tchwat
쫴,tchwae
쫵,tchwaek
쫶,tchwaek
쫷,tchwaeks
쫸,tchwaen
쫹,tchwaenj
쫺,tchwaenh
쫻,tchwaet
쫼,tchwael
쫽,tchwaelk
쫾,tchwaelm
쫿,tchwaelp
쬀,tchwaels
쬁,tchwaelt
쬂,tchwaelp
쬃,tchwaelh
쬄,tchwaem
쬅,tchwaep
쬆,tchwaeps
쬇,tchwaet
쬈,tchwaet
쬉,tchwaeng
쬊,tchwaet
쬋,tchwaet
쬌,tchwaek
쬍,tchwaet
쬎,tchwaep
쬏,tchwaet
쬐,tchoe
쬑,tchoek
쬒,tchoek
쬓,tchoeks
쬔,tchoen
쬕,tchoenj
쬖,tchoenh
쬗,tchoet
쬘,tchoel
쬙,tchoelk
쬚,tchoelm
쬛,tchoelp
쬜,tchoels
쬝,tchoelt
쬞,tchoelp
쬟,tchoelh
쬠,tchoem
쬡,tchoep
쬢,tchoeps
쬣,tchoet
쬤,tchoet
쬥,tchoeng
쬦,tchoet
쬧,tchoet
쬨,tchoek
쬩,tchoet
쬪,tchoep
쬫,tchoet
쬬,tchyo
쬭,tchyok
쬮,tchyok
쬯,tchyoks
쬰,tchyon
쬱,tchyonj
쬲,tchyonh
쬳,tchyot
쬴,tchyol
쬵,tchyolk
쬶,tchyolm
쬷,tchyolp
쬸,tchyols
쬹,tchyolt
쬺,tchyolp
쬻,tchyolh
쬼,tchyom
쬽,tchyop
쬾,tchyops
쬿,tchyot
쭀,tchyot
쭁,tchyong
쭂,tchyot
쭃,tchyot
쭄,tchyok
쭅,tchyot
쭆,tchyop
쭇,tchyot
쭈,tchu
쭉,tchuk
쭊,tchuk
쭋,tchuks
쭌,tchun
쭍,tchunj
쭎,tchunh
쭏,tchut
쭐,tchul
쭑,tchulk
쭒,tchulm
쭓,tchulp
쭔,tchuls
쭕,tchult
쭖,tchulp
쭗,tchulh
쭘,tchum
쭙,tchup
쭚,tchups
쭛,tchut
쭜,tchut
쭝,tchung
쭞,tchut
쭟,tchut
쭠,tchuk
쭡,tchut
쭢,tchup
쭣,tchut
쭤,tchwŏ
쭥,tchwŏk
쭦,tchwŏk
쭧,tchwŏks
쭨,tchwŏn
쭩,tchwŏnj
쭪,tchwŏnh
쭫,tchwŏt
쭬,tchwŏl
쭭,tchwŏlk
쭮,tchwŏlm
쭯,tchwŏlp
쭰,tchwŏls
쭱,tchwŏlt
쭲,tchwŏlp
쭳,tchwŏlh
쭴,tchwŏm
쭵,tchwŏp
쭶,tchwŏps
쭷,tchwŏt
쭸,tchwŏt
쭹,tchwŏng
쭺,tchwŏt
쭻,tchwŏt
쭼,tchwŏk
쭽,tchwŏt
쭾,tchwŏp
쭿,tchwŏt
쮀,tchwe
쮁,tchwek
쮂,tchwek
쮃,tchweks
쮄,tchwen
쮅,tchwenj
쮆,tchwenh
쮇,tchwet
쮈,tchwel
쮉,tchwelk
쮊,tchwelm
쮋,tchwelp
쮌,tchwels
쮍,tchwelt
쮎,tchwelp
쮏,tchwelh
쮐,tchwem
쮑,tchwep
쮒,tchweps
쮓,tchwet
쮔,tchwet
쮕,tchweng
쮖,tchwet
쮗,tchwet
쮘,tchwek
쮙,tchwet
쮚,tchwep
쮛,tchwet
쮜,tchwi
쮝,tchwik
쮞,tchwik
쮟,tchwiks
쮠,tchwin
쮡,tchwinj
쮢,tchwinh
쮣,tchwit
쮤,tchwil
쮥,tchwilk
쮦,tchwilm
쮧,tchwilp
쮨,tchwils
쮩,tchwilt
쮪,tchwilp
쮫,tchwilh
쮬,tchwim
쮭,tchwip
쮮,tchwips
쮯,tchwit
쮰,tchwit
쮱,tchwing
쮲,tchwit
쮳,tchwit
쮴,tchwik
쮵,tchwit
쮶,tchwip
쮷,tchwit
쮸,tchyu
쮹,tchyuk
쮺,tchyuk
쮻,tchyuks
쮼,tchyun
쮽,tchyunj
쮾,tchyunh
쮿,tchyut
쯀,tchyul
쯁,tchyulk
쯂,tchyulm
쯃,tchyulp
쯄,tchyuls
쯅,tchyult
쯆,tchyulp
쯇,tchyulh
쯈,tchyum
쯉,tchyup
쯊,tchyups
쯋,tchyut
쯌,tchyut
쯍,tchyung
쯎,tchyut
쯏,tchyut
쯐,tchyuk
쯑,tchyut
쯒,tchyup
쯓,tchyut
쯔,tchŭ
쯕,tchŭk
쯖,tchŭk
쯗,tchŭks
쯘,tchŭn
쯙,tchŭnj
쯚,tchŭnh
쯛,tchŭt
쯜,tchŭl
쯝,tchŭlk
쯞,tchŭlm
쯟,tchŭlp
쯠,tchŭls
쯡,tchŭlt
쯢,tchŭlp
쯣,tchŭlh
쯤,tchŭm
쯥,tchŭp
쯦,tchŭps
쯧,tchŭt
쯨,tchŭt
쯩,tchŭng
쯪,tchŭt
쯫,tchŭt
쯬,tchŭk
쯭,tchŭt
쯮,tchŭp
쯯,tchŭt
쯰,tchŭi
쯱,tchŭik
쯲,tchŭik
쯳,tchŭiks
쯴,tchŭin
쯵,tchŭinj
쯶,tchŭinh
쯷,tchŭit
쯸,tchŭil
쯹,tchŭilk
쯺,tchŭilm
쯻,tchŭilp
쯼,tchŭils
쯽,tchŭilt
쯾,tchŭilp
쯿,tchŭilh
찀,tchŭim
찁,tchŭip
찂,tchŭips
찃,tchŭit
찄,tchŭit
찅,tchŭing
찆,tchŭit
찇,tchŭit
찈,tchŭik
찉,tchŭit
찊,tchŭip
찋,tchŭit
찌,tchi
찍,tchik
찎,tchik
찏,tchiks
찐,tchin
찑,tchinj
찒,tchinh
찓,tchit
찔,tchil
찕,tchilk
찖,tchilm
찗,tchilp
찘,tchils
찙,tchilt
찚,tchilp
찛,tchilh
찜,tchim
찝,tchip
찞,tchips
찟,tchit
찠,tchit
찡,tching
찢,tchit
찣,tchit
찤,tchik
찥,tchit
찦,tchip
찧,tchit
차,ch'a
착,ch'ak
찪,ch'ak
찫,ch'aks
찬,ch'an
찭,ch'anj
찮,ch'anh
찯,ch'at
찰,ch'al
찱,ch'alk
찲,ch'alm
찳,ch'alp
찴,ch'als
찵,ch'alt
찶,ch'alp
찷,ch'alh
참,ch'am
찹,ch'ap
찺,ch'aps
찻,ch'at
찼,ch'at
창,ch'ang
찾,ch'at
찿,ch'at
챀,ch'ak
챁,ch'at
챂,ch'ap
챃,ch'at
채,ch'ae
책,ch'aek
챆,ch'aek
챇,ch'aeks
챈,ch'aen
챉,ch'aenj
챊,ch'aenh
챋,ch'aet
챌,ch'ael
챍,ch'aelk
챎,ch'aelm
챏,ch'aelp
챐,ch'aels
챑,ch'aelt
챒,ch'aelp
챓,ch'aelh
챔,ch'aem
챕,ch'aep
챖,ch'aeps
챗,ch'aet
챘,ch'aet
챙,ch'aeng
챚,ch'aet
챛,ch'aet
챜,ch'aek
챝,ch'aet
챞,ch'aep
챟,ch'aet
챠,ch'ya
챡,ch'yak
챢,ch'yak
챣,ch'yaks
챤,ch'yan
챥,ch'yanj
챦,ch'yanh
챧,ch'yat
챨,ch'yal
챩,ch'yalk
챪,ch'yalm
챫,ch'yalp
챬,ch'yals
챭,ch'yalt
챮,ch'yalp
챯,ch'yalh
챰,ch'yam
챱,ch'yap
챲,ch'yaps
챳,ch'yat
챴,ch'yat
챵,ch'yang
챶,ch'yat
챷,ch'yat
챸,ch'yak
챹,ch'yat
챺,ch'yap
챻,ch'yat
챼,ch'yae
챽,ch'yaek
챾,ch'yaek
챿,ch'yaeks
첀,ch'yaen
첁,ch'yaenj
첂,ch'yaenh
첃,ch'yaet
첄,ch'yael
첅,ch'yaelk
첆,ch'yaelm
첇,ch'yaelp
첈,ch'yaels
첉,ch'yaelt
첊,ch'yaelp
첋,ch'yaelh
첌,ch'yaem
첍,ch'yaep
첎,ch'yaeps
첏,ch'yaet
첐,ch'yaet
첑,ch'yaeng
첒,ch'yaet
첓,ch'yaet
첔,ch'yaek
첕,ch'yaet
첖,ch'yaep
첗,ch'yaet
처,ch'ŏ
척,ch'ŏk
첚,ch'ŏk
첛,ch'ŏks
천,ch'ŏn
첝,ch'ŏnj
첞,ch'ŏnh
첟,ch'ŏt
철,ch'ŏl
첡,ch'ŏlk
첢,ch'ŏlm
첣,ch'ŏlp
첤,ch'ŏls
첥,ch'ŏlt
첦,ch'ŏlp
첧,ch'ŏlh
첨,ch'ŏm
첩,ch'ŏp
첪,ch'ŏps
첫,ch'ŏt
첬,ch'ŏt
청,ch'ŏng
첮,ch'ŏt
첯,ch'ŏt
첰,ch'ŏk
첱,ch'ŏt
첲,ch'ŏp
첳,ch'ŏt
체,ch'e
첵,ch'ek
첶,ch'ek
첷,ch'eks
첸,ch'en
첹,ch'enj
첺,ch'enh
첻,ch'et
첼,ch'el
첽,ch'elk
첾,ch'elm
첿,ch'elp
쳀,ch'els
쳁,ch'elt
쳂,ch'elp
쳃,ch'elh
쳄,ch'em
쳅,ch'ep
쳆,ch'eps
쳇,ch'et
쳈,ch'et
쳉,ch'eng
쳊,ch'et
쳋,ch'et
쳌,ch'ek
쳍,ch'et
쳎,ch'ep
쳏,ch'et
쳐,ch'yŏ
쳑,ch'yŏk
쳒,ch'yŏk
쳓,ch'yŏks
쳔,ch'yŏn
쳕,ch'yŏnj
쳖,ch'yŏnh
쳗,ch'yŏt
쳘,ch'yŏl
쳙,ch'yŏlk
쳚,ch'yŏlm
쳛,ch'yŏlp
쳜,ch'yŏls
쳝,ch'yŏlt
쳞,ch'yŏlp
쳟,ch'yŏlh
쳠,ch'yŏm
쳡,ch'yŏp
쳢,ch'yŏps
쳣,ch'yŏt
쳤,ch'yŏt
쳥,ch'yŏng
쳦,ch'yŏt
쳧,ch'yŏt
쳨,ch'yŏk
쳩,ch'yŏt
쳪,ch'yŏp
쳫,ch'yŏt
쳬,ch'ye
쳭,ch'yek
쳮,ch'yek
쳯,ch'yeks
쳰,ch'yen
쳱,ch'yenj
쳲,ch'yenh
쳳,ch'yet
쳴,ch'yel
쳵,ch'yelk
쳶,ch'yelm
쳷,ch'yelp
쳸,ch'yels
쳹,ch'yelt
쳺,ch'yelp
쳻,ch'yelh
쳼,ch'yem
쳽,ch'yep
쳾,ch'yeps
쳿,ch'yet
촀,ch'yet
촁,ch'yeng
촂,ch'yet
촃,ch'yet
촄,ch'yek
촅,ch'yet
촆,ch'yep
촇,ch'yet
초,ch'o
촉,ch'ok
촊,ch'ok
촋,ch'oks
촌,ch'on
촍,ch'onj
촎,ch'onh
촏,ch'ot
촐,ch'ol
촑,ch'olk
촒,ch'olm
촓,ch'olp
촔,ch'ols
촕,ch'olt
촖,ch'olp
촗,ch'olh
촘,ch'om
촙,ch'op
촚,ch'ops
촛,ch'ot
촜,ch'ot
총,ch'ong
촞,ch'ot
촟,ch'ot
촠,ch'ok
촡,ch'ot
촢,ch'op
촣,ch'ot
촤,ch'wa
촥,ch'wak
촦,ch'wak
촧,ch'waks
촨,ch'wan
촩,ch'wanj
촪,ch'wanh
촫,ch'wat
촬,ch'wal
촭,ch'walk
촮,ch'walm
촯,ch'walp
촰,ch'wals
촱,ch'walt
촲,ch'walp
촳,ch'walh
촴,ch'wam
촵,ch'wap
촶,ch'waps
촷,ch'wat
촸,ch'wat
촹,ch'wang
촺,ch'wat
촻,ch'wat
촼,ch'wak
촽,ch'wat
촾,ch'wap
촿,ch'wat
쵀,ch'wae
쵁,ch'waek
쵂,ch'waek
쵃,ch'waeks
쵄,ch'waen
쵅,ch'waenj
쵆,ch'waenh
쵇,ch'waet
쵈,ch'wael
쵉,ch'waelk
쵊,ch'waelm
쵋,ch'waelp
쵌,ch'waels
쵍,ch'waelt
쵎,ch'waelp
쵏,ch'waelh
쵐,ch'waem
쵑,ch'waep
쵒,ch'waeps
쵓,ch'waet
쵔,ch'waet
쵕,ch'waeng
쵖,ch'waet
쵗,ch'waet
쵘,ch'waek
쵙,ch'waet
쵚,ch'waep
쵛,ch'waet
최,ch'oe
쵝,ch'oek
쵞,ch'oek
쵟,ch'oeks
쵠,ch'oen
쵡,ch'oenj
쵢,ch'oenh
쵣,ch'oet
쵤,ch'oel
쵥,ch'oelk
쵦,ch'oelm
쵧,ch'oelp
쵨,ch'oels
쵩,ch'oelt
쵪,ch'oelp
쵫,ch'oelh
쵬,ch'oem
쵭,ch'oep
쵮,ch'oeps
쵯,ch'oet
쵰,ch'oet
쵱,ch'oeng
쵲,ch'oet
쵳,ch'oet
쵴,ch'oek
쵵,ch'oet
쵶,ch'oep
쵷,ch'oet
쵸,ch'yo
쵹,ch'yok
쵺,ch'yok
쵻,ch'yoks
쵼,ch'yon
쵽,ch'yonj
쵾,ch'yonh
쵿,ch'yot
춀,ch'yol
춁,ch'yolk
춂,ch'yolm
춃,ch'yolp
춄,ch'yols
춅,ch'yolt
춆,ch'yolp
춇,ch'yolh
춈,ch'yom
춉,ch'yop
춊,ch'yops
춋,ch'yot
춌,ch'yot
춍,ch'yong
춎,ch'yot
춏,ch'yot
춐,ch'yok
춑,ch'yot
춒,ch'yop
춓,ch'yot
추,ch'u
축,ch'uk
춖,ch'uk
춗,ch'uks
춘,ch'un
춙,ch'unj
춚,ch'unh
춛,ch'ut
출,ch'ul
춝,ch'ulk
춞,ch'ulm
춟,ch'ulp
춠,ch'uls
춡,ch'ult
춢,ch'ulp
춣,ch'ulh
춤,ch'um
춥,ch'up
춦,ch'ups
춧,ch'ut
춨,ch'ut
충,ch'ung
춪,ch'ut
춫,ch'ut
춬,ch'uk
춭,ch'ut
춮,ch'up
춯,ch'ut
춰,ch'wŏ
춱,ch'wŏk
춲,ch'wŏk
춳,ch'wŏks
춴,ch'wŏn
춵,ch'wŏnj
춶,ch'wŏnh
춷,ch'wŏt
춸,ch'wŏl
춹,ch'wŏlk
춺,ch'wŏlm
춻,ch'wŏlp
춼,ch'wŏls
춽,ch'wŏlt
춾,ch'wŏlp
춿,ch'wŏlh
췀,ch'wŏm
췁,ch'wŏp
췂,ch'wŏps
췃,ch'wŏt
췄,ch'wŏt
췅,ch'wŏng
췆,ch'wŏt
췇,ch'wŏt
췈,ch'wŏk
췉,ch'wŏt
췊,ch'wŏp
췋,ch'wŏt
췌,ch'we
췍,ch'wek
췎,ch'wek
췏,ch'weks
췐,ch'wen
췑,ch'wenj
췒,ch'wenh
췓,ch'wet
췔,ch'wel
췕,ch'welk
췖,ch'welm
췗,ch'welp
췘,ch'wels
췙,ch'welt
췚,ch'welp
췛,ch'welh
췜,ch'wem
췝,ch'wep
췞,ch'weps
췟,ch'wet
췠,ch'wet
췡,ch'weng
췢,ch'wet
췣,ch'wet
췤,ch'wek
췥,ch'wet
췦,ch'wep
췧,ch'wet
취,ch'wi
췩,ch'wik
췪,ch'wik
췫,ch'wiks
췬,ch'win
췭,ch'winj
췮,ch'winh
췯,ch'wit
췰,ch'wil
췱,ch'wilk
췲,ch'wilm
췳,ch'wilp
췴,ch'wils
췵,ch'wilt
췶,ch'wilp
췷,ch'wilh
췸,ch'wim
췹,ch'wip
췺,ch'wips
췻,ch'wit
췼,ch'wit
췽,ch'wing
췾,ch'wit
췿,ch'wit
츀,ch'wik
츁,ch'wit
츂,ch'wip
츃,ch'wit
츄,ch'yu
츅,ch'yuk
츆,ch'yuk
츇,ch'yuks
츈,ch'yun
츉,ch'yunj
츊,ch'yunh
츋,ch'yut
츌,ch'yul
츍,ch'yulk
츎,ch'yulm
츏,ch'yulp
츐,ch'yuls
츑,ch'yult
츒,ch'yulp
츓,ch'yulh
츔,ch'yum
츕,ch'yup
츖,ch'yups
츗,ch'yut
츘,ch'yut
츙,ch'yung
츚,ch'yut
츛,ch'yut
츜,ch'yuk
츝,ch'yut
츞,ch'yup
츟,ch'yut
츠,ch'ŭ
측,ch'ŭk
츢,ch'ŭk
츣,ch'ŭks
츤,ch'ŭn
츥,ch'ŭnj
츦,ch'ŭnh
츧,ch'ŭt
츨,ch'ŭl
츩,ch'ŭlk
츪,ch'ŭlm
츫,ch'ŭlp
츬,ch'ŭls
츭,ch'ŭlt
츮,ch'ŭlp
츯,ch'ŭlh
츰,ch'ŭm
츱,ch'ŭp
츲,ch'ŭps
츳,ch'ŭt
츴,ch'ŭt
층,ch'ŭng
츶,ch'ŭt
츷,ch'ŭt
츸,ch'ŭk
츹,ch'ŭt
츺,ch'ŭp
츻,ch'ŭt
츼,ch'ŭi
츽,ch'ŭik
츾,ch'ŭik
츿,ch'ŭiks
칀,ch'ŭin
칁,ch'ŭinj
칂,ch'ŭinh
칃,ch'ŭit
칄,ch'ŭil
칅,ch'ŭilk
칆,ch'ŭilm
칇,ch'ŭilp
칈,ch'ŭils
칉,ch'ŭilt
칊,ch'ŭilp
칋,ch'ŭilh
칌,ch'ŭim
칍,ch'ŭip
칎,ch'ŭips
칏,ch'ŭit
칐,ch'ŭit
칑,ch'ŭing
칒,ch'ŭit
칓,ch'ŭit
칔,ch'ŭik
칕,ch'ŭit
칖,ch'ŭip
칗,ch'ŭit
치,ch'i
칙,ch'ik
칚,ch'ik
칛,ch'iks
친,ch'in
칝,ch'inj
칞,ch'inh
칟,ch'it
칠,ch'il
칡,ch'ilk
칢,ch'ilm
칣,ch'ilp
칤,ch'ils
칥,ch'ilt
칦,ch'ilp
칧,ch'ilh
침,ch'im
칩,ch'ip
칪,ch'ips
칫,ch'it
칬,ch'it
칭,ch'ing
칮,ch'it
칯,ch'it
칰,ch'ik
칱,ch'it
칲,ch'ip
칳,ch'it
카,k'a
칵,k'ak
칶,k'ak
칷,k'aks
칸,k'an
칹,k'anj
칺,k'anh
칻,k'at
칼,k'al
칽,k'alk
칾,k'alm
칿,k'alp
캀,k'als
캁,k'alt
캂,k'alp
캃,k'alh
캄,k'am
캅,k'ap
캆,k'aps
캇,k'at
캈,k'at
캉,k'ang
캊,k'at
캋,k'at
캌,k'ak
캍,k'at
캎,k'ap
캏,k'at
캐,k'ae
캑,k'aek
캒,k'aek
캓,k'aeks
캔,k'aen
캕,k'aenj
캖,k'aenh
캗,k'aet
캘,k'ael
캙,k'aelk
캚,k'aelm
캛,k'aelp
캜,k'aels
캝,k'aelt
캞,k'aelp
캟,k'aelh
캠,k'aem
캡,k'aep
캢,k'aeps
캣,k'aet
캤,k'aet
캥,k'aeng
캦,k'aet
캧,k'aet
캨,k'aek
캩,k'aet
캪,k'aep
캫,k'aet
캬,k'ya
캭,k'yak
캮,k'yak
캯,k'yaks
캰,k'yan
캱,k'yanj
캲,k'yanh
캳,k'yat
캴,k'yal
캵,k'yalk
캶,k'yalm
캷,k'yalp
캸,k'yals
캹,k'yalt
캺,k'yalp
캻,k'yalh
캼,k'yam
캽,k'yap
캾,k'yaps
캿,k'yat
컀,k'yat
컁,k'yang
컂,k'yat
컃,k'yat
컄,k'yak
컅,k'yat
컆,k'yap
컇,k'yat
컈,k'yae
컉,k'yaek
컊,k'yaek
컋,k'yaeks
컌,k'yaen
컍,k'yaenj
컎,k'yaenh
컏,k'yaet
컐,k'yael
컑,k'yaelk
컒,k'yaelm
컓,k'yaelp
컔,k'yaels
컕,k'yaelt
컖,k'yaelp
컗,k'yaelh
컘,k'yaem
컙,k'yaep
컚,k'yaeps
컛,k'yaet
컜,k'yaet
컝,k'yaeng
컞,k'yaet
컟,k'yaet
컠,k'yaek
컡,k'yaet
컢,k'yaep
컣,k'yaet
커,k'ŏ
컥,k'ŏk
컦,k'ŏk
컧,k'ŏks
컨,k'ŏn
컩,k'ŏnj
컪,k'ŏnh
컫,k'ŏt
컬,k'ŏl
컭,k'ŏlk
컮,k'ŏlm
컯,k'ŏlp
컰,k'ŏls
컱,k'ŏlt
컲,k'ŏlp
컳,k'ŏlh
컴,k'ŏm
컵,k'ŏp
컶,k'ŏps
컷,k'ŏt
컸,k'ŏt
컹,k'ŏng
컺,k'ŏt
컻,k'ŏt
컼,k'ŏk
컽,k'ŏt
컾,k'ŏp
컿,k'ŏt
케,k'e
켁,k'ek
켂,k'ek
켃,k'eks
켄,k'en
켅,k'enj
켆,k'enh
켇,k'et
켈,k'el
켉,k'elk
켊,k'elm
켋,k'elp
켌,k'els
켍,k'elt
켎,k'elp
켏,k'elh
켐,k'em
켑,k'ep
켒,k'eps
켓,k'et
켔,k'et
켕,k'eng
켖,k'et
켗,k'et
켘,k'ek
켙,k'et
켚,k'ep
켛,k'et
켜,k'yŏ
켝,k'yŏk
켞,k'yŏk
켟,k'yŏks
켠,k'yŏn
켡,k'yŏnj
켢,k'yŏnh
켣,k'yŏt
켤,k'yŏl
켥,k'yŏlk
켦,k'yŏlm
켧,k'yŏlp
켨,k'yŏls
켩,k'yŏlt
켪,k'yŏlp
켫,k'yŏlh
켬,k'yŏm
켭,k'yŏp
켮,k'yŏps
켯,k'yŏt
켰,k'yŏt
켱,k'yŏng
켲,k'yŏt
켳,k'yŏt
켴,k'yŏk
켵,k'yŏt
켶,k'yŏp
켷,k'yŏt
켸,k'ye
켹,k'yek
켺,k'yek
켻,k'yeks
켼,k'yen
켽,k'yenj
켾,k'yenh
켿,k'yet
콀,k'yel
콁,k'yelk
콂,k'yelm
콃,k'yelp
콄,k'yels
콅,k'yelt
콆,k'yelp
콇,k'yelh
콈,k'yem
콉,k'yep
콊,k'yeps
콋,k'yet
콌,k'yet
콍,k'yeng
콎,k'yet
콏,k'yet
콐,k'yek
콑,k'yet
콒,k'yep
콓,k'yet
코,k'o
콕,k'ok
콖,k'ok
콗,k'oks
콘,k'on
콙,k'onj
콚,k'onh
콛,k'ot
콜,k'ol
콝,k'olk
콞,k'olm
콟,k'olp
콠,k'ols
콡,k'olt
콢,k'olp
콣,k'olh
콤,k'om
콥,k'op
콦,k'ops
콧,k'ot
콨,k'ot
콩,k'ong
콪,k'ot
콫,k'ot
콬,k'ok
콭,k'ot
콮,k'op
콯,k'ot
콰,k'wa
콱,k'wak
콲,k'wak
콳,k'waks
콴,k'wan
콵,k'wanj
콶,k'wanh
콷,k'wat
콸,k'wal
콹,k'walk
콺,k'walm
콻,k'walp
콼,k'wals
콽,k'walt
콾,k'walp
콿,k'walh
쾀,k'wam
쾁,k'wap
쾂,k'waps
쾃,k'wat
쾄,k'wat
쾅,k'wang
쾆,k'wat
쾇,k'wat
쾈,k'wak
쾉,k'wat
쾊,k'wap
쾋,k'wat
쾌,k'wae
쾍,k'waek
쾎,k'waek
쾏,k'waeks
쾐,k'waen
쾑,k'waenj
쾒,k'waenh
쾓,k'waet
쾔,k'wael
쾕,k'waelk
쾖,k'waelm
쾗,k'waelp
쾘,k'waels
쾙,k'waelt
쾚,k'waelp
쾛,k'waelh
쾜,k'waem
쾝,k'waep
쾞,k'waeps
쾟,k'waet
쾠,k'waet
쾡,k'waeng
쾢,k'waet
쾣,k'waet
쾤,k'waek
쾥,k'waet
쾦,k'waep
쾧,k'waet
쾨,k'oe
쾩,k'oek
쾪,k'oek
쾫,k'oeks
쾬,k'oen
쾭,k'oenj
쾮,k'oenh
쾯,k'oet
쾰,k'oel
쾱,k'oelk
쾲,k'oelm
쾳,k'oelp
쾴,k'oels
쾵,k'oelt
쾶,k'oelp
쾷,k'oelh
쾸,k'oem
쾹,k'oep
쾺,k'oeps
쾻,k'oet
쾼,k'oet
쾽,k'oeng
쾾,k'oet
쾿,k'oet
쿀,k'oek
쿁,k'oet
쿂,k'oep
쿃,k'oet
쿄,k'yo
쿅,k'yok
쿆,k'yok
쿇,k'yoks
쿈,k'yon
쿉,k'yonj
쿊,k'yonh
쿋,k'yot
쿌,k'yol
쿍,k'yolk
쿎,k'yolm
쿏,k'yolp
쿐,k'yols
쿑,k'yolt
쿒,k'yolp
쿓,k'yolh
쿔,k'yom
쿕,k'yop
쿖,k'yops
쿗,k'yot
쿘,k'yot
쿙,k'yong
쿚,k'yot
쿛,k'yot
쿜,k'yok
쿝,k'yot
쿞,k'yop
쿟,k'yot
쿠,k'u
쿡,k'uk
쿢,k'uk
쿣,k'uks
쿤,k'un
쿥,k'unj
쿦,k'unh
쿧,k'ut
쿨,k'ul
쿩,k'ulk
쿪,k'ulm
쿫,k'ulp
쿬,k'uls
쿭,k'ult
쿮,k'ulp
쿯,k'ulh
쿰,k'um
쿱,k'up
쿲,k'ups
쿳,k'ut
쿴,k'ut
쿵,k'ung
쿶,k'ut
쿷,k'ut
쿸,k'uk
쿹,k'ut
쿺,k'up
쿻,k'ut
쿼,k'wŏ
쿽,k'wŏk
쿾,k'wŏk
쿿,k'wŏks
퀀,k'wŏn
퀁,k'wŏnj
퀂,k'wŏnh
퀃,k'wŏt
퀄,k'wŏl
퀅,k'wŏlk
퀆,k'wŏlm
퀇,k'wŏlp
퀈,k'wŏls
퀉,k'wŏlt
퀊,k'wŏlp
퀋,k'wŏlh
퀌,k'wŏm
퀍,k'wŏp
퀎,k'wŏps
퀏,k'wŏt
퀐,k'wŏt
퀑,k'wŏng
퀒,k'wŏt
퀓,k'wŏt
퀔,k'wŏk
퀕,k'wŏt
퀖,k'wŏp
퀗,k'wŏt
퀘,k'we
퀙,k'wek
퀚,k'wek
퀛,k'weks
퀜,k'wen
퀝,k'wenj
퀞,k'wenh
퀟,k'wet
퀠,k'wel
퀡,k'welk
퀢,k'welm
퀣,k'welp
퀤,k'wels
퀥,k'welt
퀦,k'welp
퀧,k'welh
퀨,k'wem
퀩,k'wep
퀪,k'weps
퀫,k'wet
퀬,k'wet
퀭,k'weng
퀮,k'wet
퀯,k'wet
퀰,k'wek
퀱,k'wet
퀲,k'wep
퀳,k'wet
퀴,k'wi
퀵,k'wik
퀶,k'wik
퀷,k'wiks
퀸,k'win
퀹,k'winj
퀺,k'winh
퀻,k'wit
퀼,k'wil
퀽,k'wilk
퀾,k'wilm
퀿,k'wilp
큀,k'wils
큁,k'wilt
큂,k'wilp
큃,k'wilh
큄,k'wim
큅,k'wip
큆,k'wips
큇,k'wit
큈,k'wit
큉,k'wing
큊,k'wit
큋,k'wit
큌,k'wik
큍,k'wit
큎,k'wip
큏,k'wit
큐,k'yu
큑,k'yuk
큒,k'yuk
큓,k'yuks
큔,k'yun
큕,k'yunj
큖,k'yunh
큗,k'yut
큘,k'yul
큙,k'yulk
큚,k'yulm
큛,k'yulp
큜,k'yuls
큝,k'yult
큞,k'yulp
큟,k'yulh
큠,k'yum
큡,k'yup
큢,k'yups
큣,k'yut
큤,k'yut
큥,k'yung
큦,k'yut
큧,k'yut
큨,k'yuk
큩,k'yut
큪,k'yup
큫,k'yut
크,k'ŭ
큭,k'ŭk
큮,k'ŭk
큯,k'ŭks
큰,k'ŭn
큱,k'ŭnj
큲,k'ŭnh
큳,k'ŭt
클,k'ŭl
큵,k'ŭlk
큶,k'ŭlm
큷,k'ŭlp
큸,k'ŭls
큹,k'ŭlt
큺,k'ŭlp
큻,k'ŭlh
큼,k'ŭm
큽,k'ŭp
큾,k'ŭps
큿,k'ŭt
킀,k'ŭt
킁,k'ŭng
킂,k'ŭt
킃,k'ŭt
킄,k'ŭk
킅,k'ŭt
킆,k'ŭp
킇,k'ŭt
킈,k'ŭi
킉,k'ŭik
킊,k'ŭik
킋,k'ŭiks
킌,k'ŭin
킍,k'ŭinj
킎,k'ŭinh
킏,k'ŭit
킐,k'ŭil
킑,k'ŭilk
킒,k'ŭilm
킓,k'ŭilp
킔,k'ŭils
킕,k'ŭilt
킖,k'ŭilp
킗,k'ŭilh
킘,k'ŭim
킙,k'ŭip
킚,k'ŭips
킛,k'ŭit
킜,k'ŭit
킝,k'ŭing
킞,k'ŭit
킟,k'ŭit
킠,k'ŭik
킡,k'ŭit
킢,k'ŭip
킣,k'ŭit
키,k'i
킥,k'ik
킦,k'ik
킧,k'iks
킨,k'in
킩,k'inj
킪,k'inh
킫,k'it
킬,k'il
킭,k'ilk
킮,k'ilm
킯,k'ilp
킰,k'ils
킱,k'ilt
킲,k'ilp
킳,k'ilh
킴,k'im
킵,k'ip
킶,k'ips
킷,k'it
킸,k'it
킹,k'ing
킺,k'it
킻,k'it
킼,k'ik
킽,k'it
킾,k'ip
킿,k'it
타,t'a
탁,t'ak
탂,t'ak
탃,t'aks
탄,t'an
탅,t'anj
탆,t'anh
탇,t'at
탈,t'al
탉,t'alk
탊,t'alm
탋,t'alp
탌,t'als
탍,t'alt
탎,t'alp
탏,t'alh
탐,t'am
탑,t'ap
탒,t'aps
탓,t'at
탔,t'at
탕,t'ang
탖,t'at
탗,t'at
탘,t'ak
탙,t'at
탚,t'ap
탛,t'at
태,t'ae
택,t'aek
탞,t'aek
탟,t'aeks
탠,t'aen
탡,t'aenj
탢,t'aenh
탣,t'aet
탤,t'ael
탥,t'aelk
탦,t'aelm
탧,t'aelp
탨,t'aels
탩,t'aelt
탪,t'aelp
탫,t'aelh
탬,t'aem
탭,t'aep
탮,t'aeps
탯,t'aet
탰,t'aet
탱,t'aeng
탲,t'aet
탳,t'aet
탴,t'aek
탵,t'aet
탶,t'aep
탷,t'aet
탸,t'ya
탹,t'yak
탺,t'yak
탻,t'yaks
탼,t'yan
탽,t'yanj
탾,t'yanh
탿,t'yat
턀,t'yal
턁,t'yalk
턂,t'yalm
턃,t'yalp
턄,t'yals
턅,t'yalt
턆,t'yalp
턇,t'yalh
턈,t'yam
턉,t'yap
턊,t'yaps
턋,t'yat
턌,t'yat
턍,t'yang
턎,t'yat
턏,t'yat
턐,t'yak
턑,t'yat
턒,t'yap
턓,t'yat
턔,t'yae
턕,t'yaek
턖,t'yaek
턗,t'yaeks
턘,t'yaen
턙,t'yaenj
턚,t'yaenh
턛,t'yaet
턜,t'yael
턝,t'yaelk
턞,t'yaelm
턟,t'yaelp
턠,t'yaels
턡,t'yaelt
턢,t'yaelp
턣,t'yaelh
턤,t'yaem
턥,t'yaep
턦,t'yaeps
턧,t'yaet
턨,t'yaet
턩,t'yaeng
턪,t'yaet
턫,t'yaet
턬,t'yaek
턭,t'yaet
턮,t'yaep
턯,t'yaet
터,t'ŏ
턱,t'ŏk
턲,t'ŏk
턳,t'ŏks
턴,t'ŏn
턵,t'ŏnj
턶,t'ŏnh
턷,t'ŏt
털,t'ŏl
턹,t'ŏlk
턺,t'ŏlm
턻,t'ŏlp
턼,t'ŏls
턽,t'ŏlt
턾,t'ŏlp
턿,t'ŏlh
텀,t'ŏm
텁,t'ŏp
텂,t'ŏps
텃,t'ŏt
텄,t'ŏt
텅,t'ŏng
텆,t'ŏt
텇,t'ŏt
텈,t'ŏk
텉,t'ŏt
텊,t'ŏp
텋,t'ŏt
테,t'e
텍,t'ek
텎,t'ek
텏,t'eks
텐,t'en
텑,t'enj
텒,t'enh
텓,t'et
텔,t'el
텕,t'elk
텖,t'elm
텗,t'elp
텘,t'els
텙,t'elt
텚,t'elp
텛,t'elh
템,t'em
텝,t'ep
텞,t'eps
텟,t'et
텠,t'et
텡,t'eng
텢,t'et
텣,t'et
텤,t'ek
텥,t'et
텦,t'ep
텧,t'et
텨,t'yŏ
텩,t'yŏk
텪,t'yŏk
텫,t'yŏks
텬,t'yŏn
텭,t'yŏnj
텮,t'yŏnh
텯,t'yŏt
텰,t'yŏl
텱,t'yŏlk
텲,t'yŏlm
텳,t'yŏlp
텴,t'yŏls
텵,t'yŏlt
텶,t'yŏlp
텷,t'yŏlh
텸,t'yŏm
텹,t'yŏp
텺,t'yŏps
텻,t'yŏt
텼,t'yŏt
텽,t'yŏng
텾,t'yŏt
텿,t'yŏt
톀,t'yŏk
톁,t'yŏt
톂,t'yŏp
톃,t'yŏt
톄,t'ye
톅,t'yek
톆,t'yek
톇,t'yeks
톈,t'yen
톉,t'yenj
톊,t'yenh
톋,t'yet
톌,t'yel
톍,t'yelk
톎,t'yelm
톏,t'yelp
톐,t'yels
톑,t'yelt
톒,t'yelp
톓,t'yelh
톔,t'yem
톕,t'yep
톖,t'yeps
톗,t'yet
톘,t'yet
톙,t'yeng
톚,t'yet
톛,t'yet
톜,t'yek
톝,t'yet
톞,t'yep
톟,t'yet
토,t'o
톡,t'ok
톢,t'ok
톣,t'oks
톤,t'on
톥,t'onj
톦,t'onh
톧,t'ot
톨,t'ol
톩,t'olk
톪,t'olm
톫,t'olp
톬,t'ols
톭,t'olt
톮,t'olp
톯,t'olh
톰,t'om
톱,t'op
톲,t'ops
톳,t'ot
톴,t'ot
통,t'ong
톶,t'ot
톷,t'ot
톸,t'ok
톹,t'ot
톺,t'op
톻,t'ot
톼,t'wa
톽,t'wak
톾,t'wak
톿,t'waks
퇀,t'wan
퇁,t'wanj
퇂,t'wanh
퇃,t'wat
퇄,t'wal
퇅,t'walk
퇆,t'walm
퇇,t'walp
퇈,t'wals
퇉,t'walt
퇊,t'walp
퇋,t'walh
퇌,t'wam
퇍,t'wap
퇎,t'waps
퇏,t'wat
퇐,t'wat
퇑,t'wang
퇒,t'wat
퇓,t'wat
퇔,t'wak
퇕,t'wat
퇖,t'wap
퇗,t'wat
퇘,t'wae
퇙,t'waek
퇚,t'waek
퇛,t'waeks
퇜,t'waen
퇝,t'waenj
퇞,t'waenh
퇟,t'waet
퇠,t'wael
퇡,t'waelk
퇢,t'waelm
퇣,t'waelp
퇤,t'waels
퇥,t'waelt
퇦,t'waelp
퇧,t'waelh
퇨,t'waem
퇩,t'waep
퇪,t'waeps
퇫,t'waet
퇬,t'waet
퇭,t'waeng
퇮,t'waet
퇯,t'waet
퇰,t'waek
퇱,t'waet
퇲,t'waep
퇳,t'waet
퇴,t'oe
퇵,t'oek
퇶,t'oek
퇷,t'oeks
퇸,t'oen
퇹,t'oenj
퇺,t'oenh
퇻,t'oet
퇼,t'oel
퇽,t'oelk
퇾,t'oelm
퇿,t'oelp
툀,t'oels
툁,t'oelt
툂,t'oelp
툃,t'oelh
툄,t'oem
툅,t'oep
툆,t'oeps
툇,t'oet
툈,t'oet
툉,t'oeng
툊,t'oet
툋,t'oet
툌,t'oek
툍,t'oet
툎,t'oep
툏,t'oet
툐,t'yo
툑,t'yok
툒,t'yok
툓,t'yoks
툔,t'yon
툕,t'yonj
툖,t'yonh
툗,t'yot
툘,t'yol
툙,t'yolk
툚,t'yolm
툛,t'yolp
툜,t'yols
툝,t'yolt
툞,t'yolp
툟,t'yolh
툠,t'yom
툡,t'yop
툢,t'yops
툣,t'yot
툤,t'yot
툥,t'yong
툦,t'yot
툧,t'yot
툨,t'yok
툩,t'yot
툪,t'yop
툫,t'yot
투,t'u
툭,t'uk
툮,t'uk
툯,t'uks
툰,t'un
툱,t'unj
툲,t'unh
툳,t'ut
툴,t'ul
툵,t'ulk
툶,t'ulm
툷,t'ulp
툸,t'uls
툹,t'ult
툺,t'ulp
툻,t'ulh
툼,t'um
툽,t'up
툾,t'ups
툿,t'ut
퉀,t'ut
퉁,t'ung
퉂,t'ut
퉃,t'ut
퉄,t'uk
퉅,t'ut
퉆,t'up
퉇,t'ut
퉈,t'wŏ
퉉,t'wŏk
퉊,t'wŏk
퉋,t'wŏks
퉌,t'wŏn
퉍,t'wŏnj
퉎,t'wŏnh
퉏,t'wŏt
퉐,t'wŏl
퉑,t'wŏlk
퉒,t'wŏlm
퉓,t'wŏlp
퉔,t'wŏls
퉕,t'wŏlt
퉖,t'wŏlp
퉗,t'wŏlh
퉘,t'wŏm
퉙,t'wŏp
퉚,t'wŏps
퉛,t'wŏt
퉜,t'wŏt
퉝,t'wŏng
퉞,t'wŏt
퉟,t'wŏt
퉠,t'wŏk
퉡,t'wŏt
퉢,t'wŏp
퉣,t'wŏt
퉤,t'we
퉥,t'wek
퉦,t'wek
퉧,t'weks
퉨,t'wen
퉩,t'wenj
퉪,t'wenh
퉫,t'wet
퉬,t'wel
퉭,t'welk
퉮,t'welm
퉯,t'welp
퉰,t'wels
퉱,t'welt
퉲,t'welp
퉳,t'welh
퉴,t'wem
퉵,t'wep
퉶,t'weps
퉷,t'wet
퉸,t'wet
퉹,t'weng
퉺,t'wet
퉻,t'wet
퉼,t'wek
퉽,t'wet
퉾,t'wep
퉿,t'wet
튀,t'wi
튁,t'wik
튂,t'wik
튃,t'wiks
튄,t'win
튅,t'winj
튆,t'winh
튇,t'wit
튈,t'wil
튉,t'wilk
튊,t'wilm
튋,t'wilp
튌,t'wils
튍,t'wilt
튎,t'wilp
튏,t'wilh
튐,t'wim
튑,t'wip
튒,t'wips
튓,t'wit
튔,t'wit
튕,t'wing
튖,t'wit
튗,t'wit
튘,t'wik
튙,t'wit
튚,t'wip
튛,t'wit
튜,t'yu
튝,t'yuk
튞,t'yuk
튟,t'yuks
튠,t'yun
튡,t'yunj
튢,t'yunh
튣,t'yut
튤,t'yul
튥,t'yulk
튦,t'yulm
튧,t'yulp
튨,t'yuls
튩,t'yult
튪,t'yulp
튫,t'yulh
튬,t'yum
튭,t'yup
튮,t'yups
튯,t'yut
튰,t'yut
튱,t'yung
튲,t'yut
튳,t'yut
튴,t'yuk
튵,t'yut
튶,t'yup
튷,t'yut
트,t'ŭ
특,t'ŭk
튺,t'ŭk
튻,t'ŭks
튼,t'ŭn
튽,t'ŭnj
튾,t'ŭnh
튿,t'ŭt
틀,t'ŭl
틁,t'ŭlk
틂,t'ŭlm
틃,t'ŭlp
틄,t'ŭls
틅,t'ŭlt
틆,t'ŭlp
틇,t'ŭlh
틈,t'ŭm
틉,t'ŭp
틊,t'ŭps
틋,t'ŭt
틌,t'ŭt
틍,t'ŭng
틎,t'ŭt
틏,t'ŭt
틐,t'ŭk
틑,t'ŭt
틒,t'ŭp
틓,t'ŭt
틔,t'ŭi
틕,t'ŭik
틖,t'ŭik
틗,t'ŭiks
틘,t'ŭin
틙,t'ŭinj
틚,t'ŭinh
틛,t'ŭit
틜,t'ŭil
틝,t'ŭilk
틞,t'ŭilm
틟,t'ŭilp
틠,t'ŭils
틡,t'ŭilt
틢,t'ŭilp
틣,t'ŭilh
틤,t'ŭim
틥,t'ŭip
틦,t'ŭips
틧,t'ŭit
틨,t'ŭit
틩,t'ŭing
틪,t'ŭit
틫,t'ŭit
틬,t'ŭik
틭,t'ŭit
틮,t'ŭip
틯,t'ŭit
티,t'i
틱,t'ik
틲,t'ik
틳,t'iks
틴,t'in
틵,t'inj
틶,t'inh
틷,t'it
틸,t'il
틹,t'ilk
틺,t'ilm
틻,t'ilp
틼,t'ils
틽,t'ilt
틾,t'ilp
틿,t'ilh
팀,t'im
팁,t'ip
팂,t'ips
팃,t'it
팄,t'it
팅,t'ing
팆,t'it
팇,t'it
팈,t'ik
팉,t'it
팊,t'ip
팋,t'it
파,p'a
팍,p'ak
팎,p'ak
팏,p'aks
판,p'an
팑,p'anj
팒,p'anh
팓,p'at
팔,p'al
팕,p'alk
팖,p'alm
팗,p'alp
팘,p'als
팙,p'alt
팚,p'alp
팛,p'alh
팜,p'am
팝,p'ap
팞,p'aps
팟,p'at
팠,p'at
팡,p'ang
팢,p'at
팣,p'at
팤,p'ak
팥,p'at
팦,p'ap
팧,p'at
패,p'ae
팩,p'aek
팪,p'aek
팫,p'aeks
팬,p'aen
팭,p'aenj
팮,p'aenh
팯,p'aet
팰,p'ael
팱,p'aelk
팲,p'aelm
팳,p'aelp
팴,p'aels
팵,p'aelt
팶,p'aelp
팷,p'aelh
팸,p'aem
팹,p'aep
팺,p'aeps
팻,p'aet
팼,p'aet
팽,p'aeng
팾,p'aet
팿,p'aet
퍀,p'aek
퍁,p'aet
퍂,p'aep
퍃,p'aet
퍄,p'ya
퍅,p'yak
퍆,p'yak
퍇,p'yaks
퍈,p'yan
퍉,p'yanj
퍊,p'yanh
퍋,p'yat
퍌,p'yal
퍍,p'yalk
퍎,p'yalm
퍏,p'yalp
퍐,p'yals
퍑,p'yalt
퍒,p'yalp
퍓,p'yalh
퍔,p'yam
퍕,p'yap
퍖,p'yaps
퍗,p'yat
퍘,p'yat
퍙,p'yang
퍚,p'yat
퍛,p'yat
퍜,p'yak
퍝,p'yat
퍞,p'yap
퍟,p'yat
퍠,p'yae
퍡,p'yaek
퍢,p'yaek
퍣,p'yaeks
퍤,p'yaen
퍥,p'yaenj
퍦,p'yaenh
퍧,p'yaet
퍨,p'yael
퍩,p'yaelk
퍪,p'yaelm
퍫,p'yaelp
퍬,p'yaels
퍭,p'yaelt
퍮,p'yaelp
퍯,p'yaelh
퍰,p'yaem
퍱,p'yaep
퍲,p'yaeps
퍳,p'yaet
퍴,p'yaet
퍵,p'yaeng
퍶,p'yaet
퍷,p'yaet
퍸,p'yaek
퍹,p'yaet
퍺,p'yaep
퍻,p'yaet
퍼,p'ŏ
퍽,p'ŏk
퍾,p'ŏk
퍿,p'ŏks
펀,p'ŏn
펁,p'ŏnj
펂,p'ŏnh
펃,p'ŏt
펄,p'ŏl
펅,p'ŏlk
펆,p'ŏlm
펇,p'ŏlp
펈,p'ŏls
펉,p'ŏlt
펊,p'ŏlp
펋,p'ŏlh
펌,p'ŏm
펍,p'ŏp
펎,p'ŏps
펏,p'ŏt
펐,p'ŏt
펑,p'ŏng
펒,p'ŏt
펓,p'ŏt
펔,p'ŏk
펕,p'ŏt
펖,p'ŏp
펗,p'ŏt
페,p'e
펙,p'ek
펚,p'ek
펛,p'eks
펜,p'en
펝,p'enj
펞,p'enh
펟,p'et
펠,p'el
펡,p'elk
펢,p'elm
펣,p'elp
펤,p'els
펥,p'elt
펦,p'elp
펧,p'elh
펨,p'em
펩,p'ep
펪,p'eps
펫,p'et
펬,p'et
펭,p'eng
펮,p'et
펯,p'et
펰,p'ek
펱,p'et
펲,p'ep
펳,p'et
펴,p'yŏ
펵,p'yŏk
펶,p'yŏk
펷,p'yŏks
편,p'yŏn
펹,p'yŏnj
펺,p'yŏnh
펻,p'yŏt
펼,p'yŏl
펽,p'yŏlk
펾,p'yŏlm
펿,p'yŏlp
폀,p'yŏls
폁,p'yŏlt
폂,p'yŏlp
폃,p'yŏlh
폄,p'yŏm
폅,p'yŏp
폆,p'yŏps
폇,p'yŏt
폈,p'yŏt
평,p'yŏng
폊,p'yŏt
폋,p'yŏt
폌,p'yŏk
폍,p'yŏt
폎,p'yŏp
폏,p'yŏt
폐,p'ye
폑,p'yek
폒,p'yek
폓,p'yeks
폔,p'yen
폕,p'yenj
폖,p'yenh
폗,p'yet
폘,p'yel
폙,p'yelk
폚,p'yelm
폛,p'yelp
폜,p'yels
폝,p'yelt
폞,p'yelp
폟,p'yelh
폠,p'yem
폡,p'yep
폢,p'yeps
폣,p'yet
폤,p'yet
폥,p'yeng
폦,p'yet
폧,p'yet
폨,p'yek
폩,p'yet
폪,p'yep
폫,p'yet
포,p'o
폭,p'ok
폮,p'ok
폯,p'oks
폰,p'on
폱,p'onj
폲,p'onh
폳,p'ot
폴,p'ol
폵,p'olk
폶,p'olm
폷,p'olp
폸,p'ols
폹,p'olt
폺,p'olp
폻,p'olh
폼,p'om
폽,p'op
폾,p'ops
폿,p'ot
퐀,p'ot
퐁,p'ong
퐂,p'ot
퐃,p'ot
퐄,p'ok
퐅,p'ot
퐆,p'op
퐇,p'ot
퐈,p'wa
퐉,p'wak
퐊,p'wak
퐋,p'waks
퐌,p'wan
퐍,p'wanj
퐎,p'wanh
퐏,p'wat
퐐,p'wal
퐑,p'walk
퐒,p'walm
퐓,p'walp
퐔,p'wals
퐕,p'walt
퐖,p'walp
퐗,p'walh
퐘,p'wam
퐙,p'wap
퐚,p'waps
퐛,p'wat
퐜,p'wat
퐝,p'wang
퐞,p'wat
퐟,p'wat
퐠,p'wak
퐡,p'wat
퐢,p'wap
퐣,p'wat
퐤,p'wae
퐥,p'waek
퐦,p'waek
퐧,p'waeks
퐨,p'waen
퐩,p'waenj
퐪,p'waenh
퐫,p'waet
퐬,p'wael
퐭,p'waelk
퐮,p'waelm
퐯,p'waelp
퐰,p'waels
퐱,p'waelt
퐲,p'waelp
퐳,p'waelh
퐴,p'waem
퐵,p'waep
퐶,p'waeps
퐷,p'waet
퐸,p'waet
퐹,p'waeng
퐺,p'waet
퐻,p'waet
퐼,p'waek
퐽,p'waet
퐾,p'waep
퐿,p'waet
푀,p'oe
푁,p'oek
푂,p'oek
푃,p'oeks
푄,p'oen
푅,p'oenj
푆,p'oenh
푇,p'oet
푈,p'oel
푉,p'oelk
푊,p'oelm
푋,p'oelp
푌,p'oels
푍,p'oelt
푎,p'oelp
푏,p'oelh
푐,p'oem
푑,p'oep
푒,p'oeps
푓,p'oet
푔,p'oet
푕,p'oeng
푖,p'oet
푗,p'oet
푘,p'oek
푙,p'oet
푚,p'oep
푛,p'oet
표,p'yo
푝,p'yok
푞,p'yok
푟,p'yoks
푠,p'yon
푡,p'yonj
푢,p'yonh
푣,p'yot
푤,p'yol
푥,p'yolk
푦,p'yolm
푧,p'yolp
푨,p'yols
푩,p'yolt
푪,p'yolp
푫,p'yolh
푬,p'yom
푭,p'yop
푮,p'yops
푯,p'yot
푰,p'yot
푱,p'yong
푲,p'yot
푳,p'yot
푴,p'yok
푵,p'yot
푶,p'yop
푷,p'yot
푸,p'u
푹,p'uk
푺,p'uk
푻,p'uks
푼,p'un
푽,p'unj
푾,p'unh
푿,p'ut
풀,p'ul
풁,p'ulk
풂,p'ulm
풃,p'ulp
풄,p'uls
풅,p'ult
풆,p'ulp
풇,p'ulh
품,p'um
풉,p'up
풊,p'ups
풋,p'ut
풌,p'ut
풍,p'ung
풎,p'ut
풏,p'ut
풐,p'uk
풑,p'ut
풒,p'up
풓,p'ut
풔,p'wŏ
풕,p'wŏk
풖,p'wŏk
풗,p'wŏks
풘,p'wŏn
풙,p'wŏnj
풚,p'wŏnh
풛,p'wŏt
풜,p'wŏl
풝,p'wŏlk
풞,p'wŏlm
풟,p'wŏlp
풠,p'wŏls
풡,p'wŏlt
풢,p'wŏlp
풣,p'wŏlh
풤,p'wŏm
풥,p'wŏp
풦,p'wŏps
풧,p'wŏt
풨,p'wŏt
풩,p'wŏng
풪,p'wŏt
풫,p'wŏt
풬,p'wŏk
풭,p'wŏt
풮,p'wŏp
풯,p'wŏt
풰,p'we
풱,p'wek
풲,p'wek
풳,p'weks
풴,p'wen
풵,p'wenj
풶,p'wenh
풷,p'wet
풸,p'wel
풹,p'welk
풺,p'welm
풻,p'welp
풼,p'wels
풽,p'welt
풾,p'welp
풿,p'welh
퓀,p'wem
퓁,p'wep
퓂,p'weps
퓃,p'wet
퓄,p'wet
퓅,p'weng
퓆,p'wet
퓇,p'wet
퓈,p'wek
퓉,p'wet
퓊,p'wep
퓋,p'wet
퓌,p'wi
퓍,p'wik
퓎,p'wik
퓏,p'wiks
퓐,p'win
퓑,p'winj
퓒,p'winh
퓓,p'wit
퓔,p'wil
퓕,p'wilk
퓖,p'wilm
퓗,p'wilp
퓘,p'wils
퓙,p'wilt
퓚,p'wilp
퓛,p'wilh
퓜,p'wim
퓝,p'wip
퓞,p'wips
퓟,p'wit
퓠,p'wit
퓡,p'wing
퓢,p'wit
퓣,p'wit
퓤,p'wik
퓥,p'wit
퓦,p'wip
퓧,p'wit
퓨,p'yu
퓩,p'yuk
퓪,p'yuk
퓫,p'yuks
퓬,p'yun
퓭,p'yunj
퓮,p'yunh
퓯,p'yut
퓰,p'yul
퓱,p'yulk
퓲,p'yulm
퓳,p'yulp
퓴,p'yuls
퓵,p'yult
퓶,p'yulp
퓷,p'yulh
퓸,p'yum
퓹,p'yup
퓺,p'yups
퓻,p'yut
퓼,p'yut
퓽,p'yung
퓾,p'yut
퓿,p'yut
픀,p'yuk
픁,p'yut
픂,p'yup
픃,p'yut
프,p'ŭ
픅,p'ŭk
픆,p'ŭk
픇,p'ŭks
픈,p'ŭn
픉,p'ŭnj
픊,p'ŭnh
픋,p'ŭt
플,p'ŭl
픍,p'ŭlk
픎,p'ŭlm
픏,p'ŭlp
픐,p'ŭls
픑,p'ŭlt
픒,p'ŭlp
픓,p'ŭlh
픔,p'ŭm
픕,p'ŭp
픖,p'ŭps
픗,p'ŭt
픘,p'ŭt
픙,p'ŭng
픚,p'ŭt
픛,p'ŭt
픜,p'ŭk
픝,p'ŭt
픞,p'ŭp
픟,p'ŭt
픠,p'ŭi
픡,p'ŭik
픢,p'ŭik
픣,p'ŭiks
픤,p'ŭin
픥,p'ŭinj
픦,p'ŭinh
픧,p'ŭit
픨,p'ŭil
픩,p'ŭilk
픪,p'ŭilm
픫,p'ŭilp
픬,p'ŭils
픭,p'ŭilt
픮,p'ŭilp
픯,p'ŭilh
픰,p'ŭim
픱,p'ŭip
픲,p'ŭips
픳,p'ŭit
픴,p'ŭit
픵,p'ŭing
픶,p'ŭit
픷,p'ŭit
픸,p'ŭik
픹,p'ŭit
픺,p'ŭip
픻,p'ŭit
피,p'i
픽,p'ik
픾,p'ik
픿,p'iks
핀,p'in
핁,p'inj
핂,p'inh
핃,p'it
필,p'il
핅,p'ilk
핆,p'ilm
핇,p'ilp
핈,p'ils
핉,p'ilt
핊,p'ilp
핋,p'ilh
핌,p'im
핍,p'ip
핎,p'ips
핏,p'it
핐,p'it
핑,p'ing
핒,p'it
핓,p'it
핔,p'ik
핕,p'it
핖,p'ip
핗,p'it
하,ha
학,hak
핚,hak
핛,haks
한,han
핝,hanj
핞,hanh
핟,hat
할,hal
핡,halk
핢,halm
핣,halp
핤,hals
핥,halt
핦,halp
핧,halh
함,ham
합,hap
핪,haps
핫,hat
핬,hat
항,hang
핮,hat
핯,hat
핰,hak
핱,hat
핲,hap
핳,hat
해,hae
핵,haek
핶,haek
핷,haeks
핸,haen
핹,haenj
핺,haenh
핻,haet
핼,hael
핽,haelk
핾,haelm
핿,haelp
햀,haels
햁,haelt
햂,haelp
햃,haelh
햄,haem
햅,haep
햆,haeps
햇,haet
했,haet
행,haeng
햊,haet
햋,haet
햌,haek
햍,haet
햎,haep
햏,haet
햐,hya
햑,hyak
햒,hyak
햓,hyaks
햔,hyan
햕,hyanj
햖,hyanh
햗,hyat
햘,hyal
햙,hyalk
햚,hyalm
햛,hyalp
햜,hyals
햝,hyalt
햞,hyalp
햟,hyalh
햠,hyam
햡,hyap
햢,hyaps
햣,hyat
햤,hyat
향,hyang
햦,hyat
햧,hyat
햨,hyak
햩,hyat
햪,hyap
햫,hyat
햬,hyae
햭,hyaek
햮,hyaek
햯,hyaeks
햰,hyaen
햱,hyaenj
햲,hyaenh
햳,hyaet
햴,hyael
햵,hyaelk
햶,hyaelm
햷,hyaelp
햸,hyaels
햹,hyaelt
햺,hyaelp
햻,hyaelh
햼,hyaem
햽,hyaep
햾,hyaeps
햿,hyaet
헀,hyaet
헁,hyaeng
헂,hyaet
헃,hyaet
헄,hyaek
헅,hyaet
헆,hyaep
헇,hyaet
허,hŏ
헉,hŏk
헊,hŏk
헋,hŏks
헌,hŏn
헍,hŏnj
헎,hŏnh
헏,hŏt
헐,hŏl
헑,hŏlk
헒,hŏlm
헓,hŏlp
헔,hŏls
헕,hŏlt
헖,hŏlp
헗,hŏlh
험,hŏm
헙,hŏp
헚,hŏps
헛,hŏt
헜,hŏt
헝,hŏng
헞,hŏt
헟,hŏt
헠,hŏk
헡,hŏt
헢,hŏp
헣,hŏt
헤,he
헥,hek
헦,hek
헧,heks
헨,hen
헩,henj
헪,henh
헫,het
헬,hel
헭,helk
헮,helm
헯,help
헰,hels
헱,helt
헲,help
헳,helh
헴,hem
헵,hep
헶,heps
헷,het
헸,het
헹,heng
헺,het
헻,het
헼,hek
헽,het
헾,hep
헿,het
혀,hyŏ
혁,hyŏk
혂,hyŏk
혃,hyŏks
현,hyŏn
혅,hyŏnj
혆,hyŏnh
혇,hyŏt
혈,hyŏl
혉,hyŏlk
혊,hyŏlm
혋,hyŏlp
혌,hyŏls
혍,hyŏlt
혎,hyŏlp
혏,hyŏlh
혐,hyŏm
협,hyŏp
혒,hyŏps
혓,hyŏt
혔,hyŏt
형,hyŏng
혖,hyŏt
혗,hyŏt
혘,hyŏk
혙,hyŏt
혚,hyŏp
혛,hyŏt
혜,hye
혝,hyek
혞,hyek
혟,hyeks
혠,hyen
혡,hyenj
혢,hyenh
혣,hyet
혤,hyel
혥,hyelk
혦,hyelm
혧,hyelp
혨,hyels
혩,hyelt
혪,hyelp
혫,hyelh
혬,hyem
혭,hyep
혮,hyeps
혯,hyet
혰,hyet
혱,hyeng
혲,hyet
혳,hyet
혴,hyek
혵,hyet
혶,hyep
혷,hyet
호,ho
혹,hok
혺,hok
혻,hoks
혼,hon
혽,honj
혾,honh
혿,hot
홀,hol
홁,holk
홂,holm
홃,holp
홄,hols
홅,holt
홆,holp
홇,holh
홈,hom
홉,hop
홊,hops
홋,hot
홌,hot
홍,hong
홎,hot
홏,hot
홐,hok
홑,hot
홒,hop
홓,hot
화,hwa
확,hwak
홖,hwak
홗,hwaks
환,hwan
홙,hwanj
홚,hwanh
홛,hwat
활,hwal
홝,hwalk
홞,hwalm
홟,hwalp
홠,hwals
홡,hwalt
홢,hwalp
홣,hwalh
홤,hwam
홥,hwap
홦,hwaps
홧,hwat
홨,hwat
황,hwang
홪,hwat
홫,hwat
홬,hwak
홭,hwat
홮,hwap
홯,hwat
홰,hwae
홱,hwaek
홲,hwaek
홳,hwaeks
홴,hwaen
홵,hwaenj
홶,hwaenh
홷,hwaet
홸,hwael
홹,hwaelk
홺,hwaelm
홻,hwaelp
홼,hwaels
홽,hwaelt
홾,hwaelp
홿,hwaelh
횀,hwaem
횁,hwaep
횂,hwaeps
횃,hwaet
횄,hwaet
횅,hwaeng
횆,hwaet
횇,hwaet
횈,hwaek
횉,hwaet
횊,hwaep
횋,hwaet
회,hoe
획,hoek
횎,hoek
횏,hoeks
횐,hoen
횑,hoenj
횒,hoenh
횓,hoet
횔,hoel
횕,hoelk
횖,hoelm
횗,hoelp
횘,hoels
횙,hoelt
횚,hoelp
횛,hoelh
횜,hoem
횝,hoep
횞,hoeps
횟,hoet
횠,hoet
횡,hoeng
횢,hoet
횣,hoet
횤,hoek
횥,hoet
횦,hoep
횧,hoet
효,hyo
횩,hyok
횪,hyok
횫,hyoks
횬,hyon
횭,hyonj
횮,hyonh
횯,hyot
횰,hyol
횱,hyolk
횲,hyolm
횳,hyolp
횴,hyols
횵,hyolt
횶,hyolp
횷,hyolh
횸,hyom
횹,hyop
횺,hyops
횻,hyot
횼,hyot
횽,hyong
횾,hyot
횿,hyot
훀,hyok
훁,hyot
훂,hyop
훃,hyot
후,hu
훅,huk
훆,huk
훇,huks
훈,hun
훉,hunj
훊,hunh
훋,hut
훌,hul
훍,hulk
훎,hulm
훏,hulp
훐,huls
훑,hult
훒,hulp
훓,hulh
훔,hum
훕,hup
훖,hups
훗,hut
훘,hut
훙,hung
훚,hut
훛,hut
훜,huk
훝,hut
훞,hup
훟,hut
훠,hwŏ
훡,hwŏk
훢,hwŏk
훣,hwŏks
훤,hwŏn
훥,hwŏnj
훦,hwŏnh
훧,hwŏt
훨,hwŏl
훩,hwŏlk
훪,hwŏlm
훫,hwŏlp
훬,hwŏls
훭,hwŏlt
훮,hwŏlp
훯,hwŏlh
훰,hwŏm
훱,hwŏp
훲,hwŏps
훳,hwŏt
훴,hwŏt
훵,hwŏng
훶,hwŏt
훷,hwŏt
훸,hwŏk
훹,hwŏt
훺,hwŏp
훻,hwŏt
훼,hwe
훽,hwek
훾,hwek
훿,hweks
휀,hwen
휁,hwenj
휂,hwenh
휃,hwet
휄,hwel
휅,hwelk
휆,hwelm
휇,hwelp
휈,hwels
휉,hwelt
휊,hwelp
휋,hwelh
휌,hwem
휍,hwep
휎,hweps
휏,hwet
휐,hwet
휑,hweng
휒,hwet
휓,hwet
휔,hwek
휕,hwet
휖,hwep
휗,hwet
휘,hwi
휙,hwik
휚,hwik
휛,hwiks
휜,hwin
휝,hwinj
휞,hwinh
휟,hwit
휠,hwil
휡,hwilk
휢,hwilm
휣,hwilp
휤,hwils
휥,hwilt
휦,hwilp
휧,hwilh
휨,hwim
휩,hwip
휪,hwips
휫,hwit
휬,hwit
휭,hwing
휮,hwit
휯,hwit
휰,hwik
휱,hwit
휲,hwip
휳,hwit
휴,hyu
휵,hyuk
휶,hyuk
휷,hyuks
휸,hyun
휹,hyunj
휺,hyunh
휻,hyut
휼,hyul
휽,hyulk
휾,hyulm
휿,hyulp
흀,hyuls
흁,hyult
흂,hyulp
흃,hyulh
흄,hyum
흅,hyup
흆,hyups
흇,hyut
흈,hyut
흉,hyung
흊,hyut
흋,hyut
흌,hyuk
흍,hyut
흎,hyup
흏,hyut
흐,hŭ
흑,hŭk
흒,hŭk
흓,hŭks
흔,hŭn
흕,hŭnj
흖,hŭnh
흗,hŭt
흘,hŭl
흙,hŭlk
흚,hŭlm
흛,hŭlp
흜,hŭls
흝,hŭlt
흞,hŭlp
흟,hŭlh
흠,hŭm
흡,hŭp
흢,hŭps
흣,hŭt
흤,hŭt
흥,hŭng
흦,hŭt
흧,hŭt
흨,hŭk
흩,hŭt
흪,hŭp
흫,hŭt
희,hŭi
흭,hŭik
흮,hŭik
흯,hŭiks
흰,hŭin
흱,hŭinj
흲,hŭinh
흳,hŭit
흴,hŭil
흵,hŭilk
흶,hŭilm
흷,hŭilp
흸,hŭils
흹,hŭilt
흺,hŭilp
흻,hŭilh
흼,hŭim
흽,hŭip
흾,hŭips
흿,hŭit
힀,hŭit
힁,hŭing
힂,hŭit
힃,hŭit
힄,hŭik
힅,hŭit
힆,hŭip
힇,hŭit
히,hi
힉,hik
힊,hik
힋,hiks
힌,hin
힍,hinj
힎,hinh
힏,hit
힐,hil
힑,hilk
힒,hilm
힓,hilp
힔,hils
힕,hilt
힖,hilp
힗,hilh
힘,him
힙,hip
힚,hips
힛,hit
힜,hit
힝,hing
힞,hit
힟,hit
힠,hik
힡,hit
힢,hip
힣,hit