안,ahn,SURNAME_0
안,an,
백,baek,SURNAME_0
백,baik,
박,bak,
채,chae,
장,chang,
철,cheol,
진,chin,
조,cho,SURNAME_0
최,choe,
최,choi,SURNAME_0
전,chon,
철,chul,
정,chung,
대,dae,
강,gang,
김,gim,
관,gwan,
권,gwon,
한,han,SURNAME_0
호,ho,
훈,hoon,
훈,hun,
환,hwan,
황,hwang,SURNAME_0
현,hyeon,
형,hyeong,
현,hyun,
형,hyung,
이,i,
임,im,
재,jae,
장,jang,SURNAME_0
전,jeon,SURNAME_0
정,jeong,
진,jin,
조,jo,
준,joon,
중,joong,
준,jun,
정,jung,SURNAME_0
중,jung,
강,kang,SURNAME_0
김,kim,SURNAME_0
관,kwan,
권,kwon,SURNAME_0
남,lam,
이,lee,SURNAME_0
임,lim,SURNAME_0
민,min,
문,moon,SURNAME_0
문,mun,
남,nam,SURNAME_0
오,o,
오,oh,SURNAME_0
백,paek,
백,paik,
박,pak,
박,park,SURNAME_0
유,ryu,
서,seo,SURNAME_0
성,seong,
신,shin,SURNAME_0
신,sin,
송,song,SURNAME_0
수,soo,
수,su,
서,suh,
성,sung,
우,u,
원,weon,
황,whang,
원,won,
우,woo,
연,yeon,
영,yeong,
이,yi,
임,yim,
연,yon,
유,yoo,SURNAME_0
윤,yoon,SURNAME_0
윤,youn,
영,young,
유,yu,
윤,yun,
류,ryu,SURNAME_0
래,rae,GIVEN_0
종,jong,GIVEN_0
년,nyeon,GIVEN_RARE
련,ryeon,GIVEN_RARE
녀,nyeo,GIVEN_RARE
